away_third,home_turn,away_oyds,hpass_tot,home_pass,home_poss,away_team,away_poss,hrush_att,home_sack,away_rush,apens_yds,home_third,apass_tot,away_turn,overunder,home_pens,arush_att,home_score,home_rush,away_pens,home_four,home_team,away_sack,home_oyds,hsack_yds,asack_yds,away_four,game_date,vegasline,away_score,hpens_yds,away_pass
0.5,1,546,17-23-284-2-0,240,23:27,New England Patriots,40:31,18,5,104,23,0.125,43-63-466-2-1,2,57,9,25,28,104,4,nan,Atlanta Falcons,5,344,44,24,1,2017-02-05,New England Patriots -3.0,34,65,442
0.0714285714,4,194,18-41-265-0-1,197,32:47,Denver Broncos,27:13,27,7,90,51,0.2,13-23-141-0-1,2,44,12,28,10,118,6,nan,Carolina Panthers,5,315,68,37,nan,2016-02-07,Carolina Panthers -5.0,24,102,104
0.3,2,396,37-50-328-4-2,320,33:46,Seattle Seahawks,26:14,21,1,162,70,0.5714285714,12-21-247-2-1,1,47,5,29,28,57,7,nan,New England Patriots,3,377,8,13,nan,2015-02-01,Pick,24,36,234
0.5833333333,4,341,34-49-280-1-2,279,28:07,Seattle Seahawks,31:53,14,1,135,104,0.4615384615,18-26-206-2-0,0,47.5,5,29,8,27,10,0,Denver Broncos,0,306,1,0,0,2014-02-02,Denver Broncos -2.5,43,44,206
0.2222222222,1,468,22-33-287-3-0,274,32:23,San Francisco 49ers,27:37,35,2,182,33,0.5625,16-28-302-1-1,2,48,2,29,34,93,5,0,Baltimore Ravens,3,367,13,16,0,2013-02-03,San Francisco 49ers -4.5,31,20,286
0.4545454545,1,396,27-41-276-2-1,266,22:55,New York Giants,37:05,19,2,114,24,0.5,30-40-296-1-0,0,53.5,5,28,17,83,4,1,New England Patriots,3,349,10,14,nan,2012-02-05,New England Patriots -3.0,21,28,282
0.5384615385,0,387,24-39-304-3-0,288,26:35,Pittsburgh Steelers,33:25,13,3,126,55,0.4615384615,25-40-263-2-2,3,45,7,23,31,50,6,nan,Green Bay Packers,1,338,16,2,0,2011-02-06,Green Bay Packers -3.0,25,67,261
0.3333333333,1,332,31-45-333-1-1,333,29:49,New Orleans Saints,30:11,19,0,51,19,0.4615384615,32-39-288-2-0,0,56.5,5,18,17,99,3,0.5,Indianapolis Colts,1,432,0,7,0,2010-02-07,Indianapolis Colts -4.5,31,45,281
0.4,2,292,31-43-377-3-1,374,26:59,Pittsburgh Steelers,33:01,12,2,58,56,0.375,21-30-256-1-1,1,46.5,11,26,23,33,7,nan,Arizona Cardinals,2,407,3,22,nan,2009-02-01,Pittsburgh Steelers -6.5,27,106,234
0.5,1,338,29-48-266-1-0,229,29:33,New York Giants,30:27,16,5,91,36,0.5,19-34-255-2-1,1,54.5,5,26,14,45,4,0,New England Patriots,3,274,37,8,1,2008-02-03,New England Patriots -12.5,17,35,247
0.4444444444,5,430,20-28-165-1-2,154,21:56,Indianapolis Colts,38:04,19,1,191,40,0.3,25-38-247-1-1,3,47,4,42,17,111,6,0,Chicago Bears,1,265,11,8,0,2007-02-04,Indianapolis Colts -6.5,29,35,239
0.2941176471,2,396,10-22-166-1-2,158,26:58,Seattle Seahawks,33:02,33,1,137,70,0.5333333333,26-49-273-1-1,1,47,3,25,21,181,7,nan,Pittsburgh Steelers,3,339,8,14,0.5,2006-02-05,Pittsburgh Steelers -4.0,10,20,259
0.5625,1,369,23-33-236-2-0,219,31:37,Philadelphia Eagles,28:23,28,2,45,35,0.3333333333,30-51-357-3-3,4,47,7,17,24,112,3,nan,New England Patriots,4,331,17,33,nan,2005-02-06,New England Patriots -7.0,21,47,324
0.4705882353,1,481,16-33-323-3-0,295,21:02,New England Patriots,38:58,16,4,127,60,0.3333333333,32-48-354-3-1,1,38,12,35,29,92,8,nan,Carolina Panthers,0,387,28,0,1,2004-02-01,New England Patriots -7.0,32,73,354
0.4,5,365,24-44-272-2-5,250,22:46,Tampa Bay Buccaneers,37:14,11,5,150,41,0.4375,18-34-215-2-1,1,44,7,42,21,19,5,nan,Oakland Raiders,0,269,22,0,0,2003-01-26,Oakland Raiders -3.5,48,51,215
0.3846153846,0,427,16-27-145-1-0,134,26:30,St. Louis Rams,33:30,25,2,90,39,0.1818181818,28-44-365-1-2,3,52.5,5,22,20,133,6,nan,New England Patriots,3,267,11,28,nan,2002-02-03,St. Louis Rams -14.0,17,31,337
0.1875,5,244,15-39-112-0-4,86,25:54,Baltimore Ravens,34:06,16,4,111,70,0.1428571429,12-26-153-1-0,0,33,6,33,7,66,9,1,New York Giants,3,152,26,20,nan,2001-01-28,Baltimore Ravens -3.0,34,27,133
0.3157894737,5,282,19-37-187-0-4,167,25:22,Baltimore Ravens,34:38,17,4,110,95,0.1428571429,9-18-190-1-1,2,38,5,46,3,24,10,nan,Oakland Raiders,2,191,20,18,nan,2001-01-14,Oakland Raiders -6.0,16,36,172
0.125,2,114,29-40-385-5-2,380,42:22,Minnesota Vikings,17:38,41,1,54,61,0.5,13-28-78-0-3,5,41.5,4,9,41,138,5,1,New York Giants,4,518,5,18,nan,2001-01-14,Minnesota Vikings -1.0,0,36,60
0.1333333333,3,186,12-19-125-0-0,125,36:09,Philadelphia Eagles,23:51,43,1,46,50,0.1538461538,20-41-181-1-1,3,33.5,4,14,20,112,6,nan,New York Giants,6,237,0,41,0.5,2001-01-07,New York Giants -4.5,10,18,140
0.1818181818,1,134,25-47-195-0-1,191,40:29,Baltimore Ravens,19:31,33,1,49,50,0.3125,5-17-117-0-0,0,34,6,23,10,126,7,0,Tennessee Titans,3,317,4,32,nan,2001-01-07,Tennessee Titans -6.0,24,55,85
0.1666666667,1,204,12-18-143-1-0,127,37:24,Miami Dolphins,22:36,45,3,40,55,0.5,18-37-176-0-3,4,42,6,17,27,140,8,nan,Oakland Raiders,2,267,16,12,0.25,2001-01-06,Oakland Raiders -9.0,0,40,164
0.3076923077,0,355,17-31-302-3-0,302,32:11,New Orleans Saints,27:49,32,0,69,40,0.5882352941,30-48-295-2-2,2,49.5,5,17,34,127,7,nan,Minnesota Vikings,2,429,0,9,0.6666666667,2001-01-06,Minnesota Vikings -8.0,16,60,286
0.2307692308,1,199,24-33-161-2-1,151,34:53,Tampa Bay Buccaneers,25:07,33,2,50,62,0.5,17-31-171-0-0,1,34,2,19,21,126,7,1,Philadelphia Eagles,4,277,10,22,0,2000-12-31,Tampa Bay Buccaneers -3.0,3,20,149
0.1875,0,177,9-15-130-1-0,118,32:23,Denver Broncos,27:37,38,2,42,33,0.2857142857,18-38-178-0-1,1,41,4,18,21,122,6,nan,Baltimore Ravens,5,240,12,43,0.3333333333,2000-12-31,Baltimore Ravens -3.5,3,30,135
0.5833333333,2,384,16-29-266-4-1,251,31:31,St. Louis Rams,28:29,32,2,34,60,0.3846153846,24-40-365-3-3,5,55,5,16,31,50,9,nan,New Orleans Saints,2,301,15,15,nan,2000-12-30,St. Louis Rams -5.5,28,40,350
0.1818181818,3,293,19-34-185-1-3,176,43:40,Indianapolis Colts,27:46,48,2,99,10,0.4705882353,17-32-194-1-0,0,42,7,23,23,258,1,0.5,Miami Dolphins,0,434,9,0,0,2000-12-30,Indianapolis Colts -1.5,17,55,194
0.2142857143,4,95,20-33-216-1-2,216,34:34,Dallas Cowboys,25:26,36,0,86,51,0.3333333333,5-20-35-0-2,5,37.5,7,29,31,158,7,nan,Tennessee Titans,4,374,0,26,0,2000-12-25,Tennessee Titans -13.5,0,51,9
0.5,0,297,26-32-230-5-0,230,38:24,Carolina Panthers,21:36,39,0,79,70,0.8,22-37-235-0-1,4,45.5,7,12,52,179,5,0,Oakland Raiders,2,409,0,17,nan,2000-12-24,Oakland Raiders -9.0,9,60,218
0.3333333333,1,236,25-36-283-4-1,283,33:59,Minnesota Vikings,26:01,29,0,67,53,0.5384615385,16-28-175-1-1,1,53.5,3,21,31,128,6,nan,Indianapolis Colts,1,411,0,6,nan,2000-12-24,Indianapolis Colts -3.0,10,20,169
0.4736842105,2,316,15-29-171-1-1,140,20:39,Pittsburgh Steelers,39:21,12,6,131,10,0.2857142857,16-33-190-1-2,2,37.5,8,41,21,31,1,nan,San Diego Chargers,2,171,31,5,nan,2000-12-24,Pittsburgh Steelers -3.0,34,82,185
0.3,0,259,20-29-163-2-0,157,41:18,Kansas City Chiefs,18:42,36,3,49,25,0.4285714286,18-32-230-1-0,1,40.5,4,12,29,131,5,nan,Atlanta Falcons,4,288,6,20,0,2000-12-24,Kansas City Chiefs -4.5,13,30,210
0.25,4,271,23-40-198-1-1,183,37:10,Cincinnati Bengals,22:50,35,2,102,39,0.5,18-34-183-1-1,3,35,4,26,16,138,6,nan,Philadelphia Eagles,2,321,15,14,0.5,2000-12-24,Philadelphia Eagles -10.5,7,34,169
0.3684210526,2,524,11-25-99-1-2,78,27:46,New York Jets,32:14,26,4,51,19,0.125,36-69-481-2-3,6,35.5,5,21,34,64,4,0,Baltimore Ravens,1,142,21,8,0.3333333333,2000-12-24,Baltimore Ravens -6.0,20,32,473
0.4705882353,3,310,18-35-312-2-2,311,24:21,Miami Dolphins,35:39,21,1,47,25,0.4,31-46-271-1-0,0,35,5,24,24,37,5,nan,New England Patriots,2,348,1,8,nan,2000-12-24,Miami Dolphins -4.0,27,58,263
0.125,4,272,20-42-196-0-2,184,37:55,Tampa Bay Buccaneers,28:36,38,1,67,54,0.3888888889,21-42-237-1-0,0,38,6,23,17,135,4,0.5,Green Bay Packers,5,319,12,32,1,2000-12-24,Green Bay Packers -2.5,14,43,205
0.4166666667,1,474,16-31-208-2-1,196,22:18,St. Louis Rams,37:42,15,2,246,65,0.2727272727,18-27-248-1-1,1,56,7,42,21,73,6,nan,New Orleans Saints,3,269,12,20,nan,2000-12-24,St. Louis Rams -3.5,26,48,228
0.3846153846,2,286,19-36-170-1-1,140,31:04,Chicago Bears,28:56,26,5,105,28,0.4285714286,19-29-183-1-0,2,37,2,26,20,100,5,nan,Detroit Lions,1,240,30,2,1,2000-12-24,Detroit Lions -10.0,23,20,181
0.1666666667,2,245,21-34-190-1-2,175,36:53,Arizona Cardinals,23:07,33,2,104,50,0.5,14-32-144-0-3,5,38.5,8,21,20,140,7,nan,Washington Redskins,1,315,15,3,0,2000-12-24,Washington Redskins -7.0,3,85,141
0.6,4,579,18-29-195-0-1,186,27:04,Buffalo Bills,32:56,26,5,213,10,0.5333333333,20-25-366-3-0,2,42.5,4,37,23,126,2,1,Seattle Seahawks,0,312,9,0,nan,2000-12-23,Seattle Seahawks -3.0,42,45,366
0.2857142857,1,192,20-31-219-1-0,203,36:07,San Francisco 49ers,23:53,42,4,46,110,0.4666666667,18-40-188-1-1,2,48.5,8,15,38,159,11,1,Denver Broncos,6,362,16,42,0.6666666667,2000-12-23,Denver Broncos -7.0,9,90,146
0.3571428571,1,327,22-39-321-2-1,293,34:21,Jacksonville Jaguars,25:39,31,3,70,25,0.5294117647,23-41-262-2-1,2,37.5,1,18,28,80,3,0,New York Giants,2,373,28,5,0,2000-12-23,New York Giants -4.0,25,10,257
0.4444444444,2,388,18-38-256-2-2,241,31:29,St. Louis Rams,28:31,32,2,90,20,0.5,20-32-316-2-3,3,49,5,23,38,205,2,0.5,Tampa Bay Buccaneers,2,446,15,18,1,2000-12-18,St. Louis Rams -1.0,35,40,298
0.2857142857,3,225,13-25-119-0-1,70,31:24,New York Giants,28:36,30,5,99,79,0.2307692308,12-26-140-1-1,1,36,7,31,13,75,7,0.5,Dallas Cowboys,1,145,49,14,nan,2000-12-17,New York Giants -6.5,17,75,126
0.4666666667,3,327,12-26-150-0-1,132,26:10,Indianapolis Colts,33:50,26,4,132,35,0.1666666667,21-28-206-1-0,2,42,8,35,13,140,4,1,Miami Dolphins,1,272,18,11,nan,2000-12-17,Miami Dolphins -3.0,20,45,195
0.375,4,214,23-43-266-1-2,258,28:03,Baltimore Ravens,31:57,23,2,177,64,0.5,12-22-70-0-1,2,37.5,3,37,7,51,6,0,Arizona Cardinals,4,309,8,33,nan,2000-12-17,Baltimore Ravens -15.0,13,15,37
0.2307692308,1,104,36-44-402-2-0,379,39:08,Chicago Bears,20:52,28,4,39,30,0.3076923077,9-29-73-0-1,1,45.5,9,18,17,77,4,1,San Francisco 49ers,2,456,23,8,0,2000-12-17,San Francisco 49ers -6.0,0,80,65
0.3157894737,1,358,18-40-180-2-1,158,24:48,San Diego Chargers,35:12,15,3,100,95,0.2857142857,23-43-259-2-1,2,38.5,7,34,30,11,10,nan,Carolina Panthers,1,169,22,1,0,2000-12-17,Carolina Panthers -8.5,22,45,258
0.2666666667,2,305,13-30-75-0-0,63,21:07,Tennessee Titans,38:53,17,2,212,25,0.0909090909,12-20-105-0-1,1,37,7,47,0,50,3,0,Cleveland Browns,2,113,12,12,0.25,2000-12-17,Tennessee Titans -16.0,24,66,93
0.3333333333,1,163,24-35-285-0-0,281,34:34,Atlanta Falcons,25:26,30,1,64,33,0.3571428571,9-20-126-0-2,3,41,7,21,23,92,5,1,New Orleans Saints,5,373,4,27,nan,2000-12-17,New Orleans Saints -10.0,7,50,99
0.2941176471,1,331,16-28-197-1-0,169,35:03,New England Patriots,39:38,40,4,189,75,0.3529411765,13-26-156-0-0,0,39,6,48,10,178,9,nan,Buffalo Bills,1,347,28,14,0,2000-12-17,Buffalo Bills -4.5,13,54,142
0.4,4,276,10-22-171-0-1,157,22:45,Jacksonville Jaguars,37:15,27,4,114,47,0.5,19-28-170-1-0,1,42.5,6,34,17,106,6,nan,Cincinnati Bengals,1,263,14,8,nan,2000-12-17,Jacksonville Jaguars -10.5,14,40,162
0.2857142857,2,288,21-36-194-0-1,189,25:42,Detroit Lions,34:18,18,1,210,25,0.2857142857,8-18-110-0-1,1,39.5,7,44,7,51,4,1,New York Jets,5,240,5,32,0,2000-12-17,New York Jets -6.5,10,45,78
0.6666666667,2,434,23-38-335-3-1,332,24:19,Green Bay Packers,35:41,17,1,154,25,0.4545454545,26-38-290-3-0,0,49,8,31,28,68,3,1,Minnesota Vikings,1,400,3,10,nan,2000-12-17,Minnesota Vikings -7.5,33,67,280
0.3076923077,2,278,14-28-160-0-0,160,34:34,Denver Broncos,25:26,41,0,53,51,0.25,22-35-234-0-0,1,47,6,14,20,264,7,0,Kansas City Chiefs,2,424,0,9,0,2000-12-17,Denver Broncos -3.0,7,51,225
0.5,2,361,19-32-177-2-1,153,28:54,Oakland Raiders,31:06,31,3,227,45,0.4285714286,5-17-136-1-3,3,47.5,5,42,27,173,7,0,Seattle Seahawks,1,326,24,2,0,2000-12-16,Oakland Raiders -6.0,24,55,134
0.25,1,271,11-21-175-0-0,174,35:07,Washington Redskins,24:53,45,1,64,70,0.3571428571,18-32-231-0-2,5,37.5,6,21,24,200,7,0.5,Pittsburgh Steelers,3,374,1,24,0,2000-12-16,Washington Redskins -1.0,3,40,207
0.2941176471,0,294,13-24-132-0-0,116,28:08,Buffalo Bills,31:52,32,2,66,106,0.4166666667,18-34-270-1-2,3,45,7,22,44,121,10,nan,Indianapolis Colts,9,237,16,42,1,2000-12-11,Indianapolis Colts -6.0,20,67,228
0.3333333333,1,300,11-23-161-2-1,150,31:41,New York Jets,28:19,38,2,10,27,0.3846153846,22-44-315-1-4,4,47,7,20,31,180,6,nan,Oakland Raiders,5,330,11,25,0.5,2000-12-10,Oakland Raiders -3.5,7,60,290
0.2,0,270,5-8-89-0-0,72,31:00,Washington Redskins,29:00,43,3,79,121,0.2,19-33-235-1-1,2,39,6,22,32,242,11,nan,Dallas Cowboys,5,314,17,44,0,2000-12-10,Washington Redskins -6.0,13,35,191
0.4,3,388,25-38-305-2-2,288,27:14,New Orleans Saints,32:46,21,2,216,5,0.4545454545,12-29-203-2-0,0,47.5,2,38,27,110,1,0,San Francisco 49ers,5,398,17,31,1,2000-12-10,San Francisco 49ers -3.0,31,15,172
0.4,0,312,27-32-346-0-0,346,34:24,Minnesota Vikings,25:36,34,0,104,60,0.7,21-33-221-3-0,0,56.5,7,19,40,162,7,nan,St. Louis Rams,4,508,0,13,nan,2000-12-10,St. Louis Rams -3.5,29,43,208
0.6153846154,1,405,14-25-201-1-1,182,28:32,Seattle Seahawks,31:28,36,1,107,38,0.4,26-41-298-3-3,4,48,2,26,31,131,4,0,Denver Broncos,0,313,19,0,nan,2000-12-10,Denver Broncos -10.0,24,15,298
0.6,4,391,30-43-332-1-3,317,34:17,Philadelphia Eagles,25:43,30,3,41,21,0.5333333333,23-36-390-4-0,2,35.5,6,15,24,101,4,1,Cleveland Browns,5,418,15,40,nan,2000-12-10,Philadelphia Eagles -14.0,35,55,350
0.2,1,171,23-33-345-4-0,331,34:48,Cincinnati Bengals,25:12,36,2,60,34,0.5555555556,12-26-131-0-0,0,36,7,25,35,112,4,nan,Tennessee Titans,4,443,14,20,0,2000-12-10,Tennessee Titans -13.0,3,39,111
0.3846153846,0,264,24-35-333-2-0,326,32:14,Pittsburgh Steelers,27:46,26,1,47,42,0.6428571429,20-34-224-1-1,1,35.5,6,20,30,68,5,0,New York Giants,2,394,7,7,0,2000-12-10,New York Giants -3.5,10,91,217
0.3333333333,3,128,16-24-187-2-2,166,37:36,San Diego Chargers,22:24,40,3,64,20,0.6875,9-23-78-0-1,5,36.5,3,26,24,110,4,nan,Baltimore Ravens,2,276,21,14,0.5,2000-12-10,Baltimore Ravens -13.5,3,15,64
0.4615384615,0,189,15-21-255-3-0,255,34:56,Arizona Cardinals,25:04,45,0,40,53,0.4166666667,15-26-181-1-1,1,42,2,19,44,214,4,1,Jacksonville Jaguars,4,469,0,32,nan,2000-12-10,Jacksonville Jaguars -15.0,10,15,149
0.3076923077,5,221,13-28-175-0-4,170,28:10,Tampa Bay Buccaneers,31:50,27,1,100,63,0.3333333333,11-15-147-0-1,1,34.5,6,38,13,84,7,nan,Miami Dolphins,4,254,5,26,nan,2000-12-10,Miami Dolphins -2.5,16,46,121
0.3571428571,1,245,22-27-239-2-0,237,37:10,New England Patriots,22:50,39,1,38,60,0.3333333333,25-46-225-2-0,0,36.5,3,12,24,102,7,1,Chicago Bears,3,339,2,18,0.5,2000-12-10,Chicago Bears -2.0,17,35,207
0.25,2,293,15-36-208-1-1,202,31:14,Detroit Lions,28:46,32,2,103,30,0.4444444444,17-33-190-0-3,5,41,2,31,26,128,3,0,Green Bay Packers,0,330,6,0,0.5,2000-12-10,Green Bay Packers -3.5,13,11,190
0.25,4,257,31-44-315-1-2,315,32:06,Carolina Panthers,27:54,26,0,23,47,0.6,23-31-252-1-1,1,42,5,16,15,138,5,nan,Kansas City Chiefs,6,453,0,18,nan,2000-12-10,Kansas City Chiefs -2.5,14,35,234
0.4,1,418,33-48-282-2-0,263,36:42,Kansas City Chiefs,23:18,31,3,68,40,0.3529411765,25-46-350-3-1,3,41,5,19,30,105,7,1,New England Patriots,0,368,19,0,nan,2000-12-04,New England Patriots -1.0,24,65,350
0.5,2,304,22-44-233-0-2,226,29:47,Green Bay Packers,30:13,23,1,81,42,0.2666666667,19-31-225-1-0,0,39,5,28,6,104,5,0.3333333333,Chicago Bears,1,330,7,2,nan,2000-12-03,Green Bay Packers -2.5,28,41,223
0,0,53,16-33-218-1-0,205,37:11,Cleveland Browns,22:49,47,2,62,85,0.5555555556,7-18-33-0-0,1,39,9,18,48,244,9,1,Jacksonville Jaguars,6,449,13,42,nan,2000-12-03,Jacksonville Jaguars -14.5,0,59,-9
0.4285714286,1,375,26-41-295-2-1,280,41:25,Indianapolis Colts,18:35,39,2,49,20,0.5294117647,27-51-339-2-2,3,44,4,12,27,211,2,nan,New York Jets,3,491,15,13,1,2000-12-03,New York Jets -2.5,17,54,326
0.4285714286,5,385,24-47-266-1-4,254,26:12,San Francisco 49ers,33:48,13,2,73,60,0.1818181818,19-33-319-2-0,0,44,8,28,17,49,8,0,San Diego Chargers,2,303,12,7,0,2000-12-03,San Francisco 49ers -2.5,45,68,312
0.5,4,335,17-33-233-1-2,204,29:35,Seattle Seahawks,30:25,24,4,83,35,0.4166666667,25-34-252-1-0,0,42,4,25,10,97,5,nan,Atlanta Falcons,0,301,29,0,1,2000-12-03,Pick,30,25,252
0.5,2,278,20-30-195-0-2,169,37:55,St. Louis Rams,22:05,33,7,99,72,0.4375,18-36-189-0-4,7,58,1,16,16,68,9,1,Carolina Panthers,2,237,26,10,0,2000-12-03,St. Louis Rams -8.0,3,10,179
0.3571428571,0,331,18-31-239-0-0,206,21:18,Tennessee Titans,38:42,17,5,118,5,0.2307692308,24-39-224-0-0,1,36.5,6,36,13,56,1,nan,Philadelphia Eagles,2,262,33,11,nan,2000-12-03,Tennessee Titans -3.0,15,34,213
0.4666666667,1,340,11-23-109-1-1,106,35:48,Arizona Cardinals,24:12,54,1,72,39,0.5294117647,22-44-278-2-1,2,38.5,5,19,24,292,6,1,Cincinnati Bengals,1,398,3,10,0.3333333333,2000-12-03,Cincinnati Bengals -4.0,13,47,268
0.5384615385,3,483,30-48-441-2-2,425,24:57,Denver Broncos,35:03,9,3,283,21,0.4166666667,11-16-201-1-0,0,45,6,49,23,21,4,1,New Orleans Saints,1,446,16,1,0,2000-12-03,Pick,38,45,200
0.4285714286,3,333,8-27-75-0-3,36,26:11,Miami Dolphins,33:49,26,6,133,86,0.2307692308,13-21-214-3-0,1,36,4,37,6,160,10,0,Buffalo Bills,2,196,39,14,nan,2000-12-03,Buffalo Bills -3.5,33,30,200
0.3846153846,1,266,9-15-65-0-0,51,29:43,Dallas Cowboys,30:17,36,2,113,58,0.3636363636,17-33-168-0-1,4,37,6,28,27,250,7,nan,Tampa Bay Buccaneers,2,301,14,15,1,2000-12-03,Tampa Bay Buccaneers -10.0,7,35,153
0.4375,1,390,15-26-143-2-1,112,31:53,Oakland Raiders,28:07,32,5,117,31,0.4615384615,21-40-273-1-0,2,42,3,28,21,199,3,nan,Pittsburgh Steelers,0,311,31,0,0.5,2000-12-03,Oakland Raiders -3.0,20,15,273
0.375,2,305,24-47-269-1-2,261,26:42,New York Giants,33:18,13,2,141,20,0.2857142857,18-29-164-0-1,3,38,4,36,7,29,3,nan,Washington Redskins,0,290,8,0,0,2000-12-03,Washington Redskins -6.0,9,35,164
0.2307692308,2,352,19-32-160-1-2,160,25:06,Detroit Lions,34:54,25,0,139,35,0.4545454545,25-36-246-1-1,2,48.5,6,25,24,145,5,1,Minnesota Vikings,5,305,0,33,0.6666666667,2000-11-30,Minnesota Vikings -9.0,17,59,213
0.5,2,326,22-37-243-3-1,223,31:57,Green Bay Packers,28:03,31,2,87,55,0.4615384615,31-51-267-1-3,5,44,2,14,31,133,6,nan,Carolina Panthers,3,356,20,28,0,2000-11-27,Pick,14,25,239
0.4666666667,4,371,20-39-211-1-1,179,25:17,New York Giants,34:43,16,6,146,45,0.1666666667,20-30-232-1-0,1,39,12,40,7,88,4,0,Arizona Cardinals,1,267,32,7,0,2000-11-26,New York Giants -6.0,31,99,225
0.5714285714,3,538,23-48-274-1-2,269,25:35,Denver Broncos,34:25,21,1,301,53,0.4117647059,15-31-244-1-2,5,45.5,5,41,31,85,5,0,Seattle Seahawks,1,354,5,7,nan,2000-11-26,Denver Broncos -3.0,38,43,237
0.1666666667,5,161,17-30-177-2-2,149,28:57,Kansas City Chiefs,31:03,22,6,77,90,0.0909090909,12-31-130-0-1,1,41,5,31,17,52,11,nan,San Diego Chargers,5,201,28,46,0.5,2000-11-26,Kansas City Chiefs -3.0,16,43,84
0.4285714286,2,334,15-25-237-1-2,223,29:19,Tennessee Titans,30:41,28,3,117,40,0.4285714286,13-24-228-0-0,0,41.5,4,31,16,111,4,nan,Jacksonville Jaguars,2,334,14,11,nan,2000-11-26,Tennessee Titans -3.0,13,25,217
0.4666666667,1,253,16-34-209-2-1,209,30:55,Miami Dolphins,29:05,31,0,82,30,0.4375,22-33-183-1-0,0,44.5,10,24,14,144,4,1,Indianapolis Colts,2,353,0,12,nan,2000-11-26,Indianapolis Colts -5.5,17,78,171
0.1111111111,1,181,15-22-231-2-0,222,35:07,Atlanta Falcons,24:53,38,2,31,55,0.4444444444,18-29-182-1-1,2,44,12,13,41,270,10,nan,Oakland Raiders,6,492,9,32,nan,2000-11-26,Oakland Raiders -11.0,14,108,150
0.5555555556,4,332,20-41-289-2-1,251,20:34,New Orleans Saints,39:26,10,6,147,116,0.3,17-29-190-1-2,2,53.5,14,44,24,28,17,0,St. Louis Rams,1,279,38,5,0,2000-11-26,St. Louis Rams -13.5,31,132,185
0.2666666667,1,233,21-35-218-2-1,218,35:01,Chicago Bears,24:59,32,0,135,29,0.2857142857,13-32-98-1-0,3,39.5,4,30,17,59,5,1,New York Jets,0,277,0,0,0.3333333333,2000-11-26,New York Jets -7.0,10,35,98
0.6,3,372,10-20-129-1-0,100,29:11,Pittsburgh Steelers,30:49,41,4,185,35,0.3333333333,12-22-209-3-0,0,34,3,38,28,209,4,0.5,Cincinnati Bengals,4,309,29,22,nan,2000-11-26,Pittsburgh Steelers -4.0,48,15,187
0.4375,2,289,25-43-288-2-0,282,30:47,Philadelphia Eagles,29:13,19,1,171,98,0.3571428571,19-31-137-1-1,2,37,6,26,20,44,11,nan,Washington Redskins,4,326,6,19,0,2000-11-26,Washington Redskins -7.0,23,46,118
0.1538461538,2,112,14-26-214-2-1,214,38:32,Cleveland Browns,21:28,51,0,28,11,0.5,13-25-138-0-1,3,34,3,17,44,247,3,nan,Baltimore Ravens,6,461,0,54,nan,2000-11-26,Baltimore Ravens -15.0,7,25,84
0.4,0,433,10-18-106-0-0,66,23:43,Buffalo Bills,36:17,25,7,139,70,0.2,28-49-319-2-0,2,37,7,27,31,114,8,nan,Tampa Bay Buccaneers,6,180,40,25,1,2000-11-26,Tampa Bay Buccaneers -4.0,17,71,294
0.4545454545,2,360,30-43-276-1-1,276,31:51,Minnesota Vikings,28:09,24,0,168,21,0.5384615385,15-22-205-2-0,0,48,5,27,15,128,4,nan,Dallas Cowboys,2,404,0,13,nan,2000-11-23,Minnesota Vikings -7.0,27,45,192
0.25,1,215,17-25-204-1-0,189,29:33,New England Patriots,30:27,28,2,66,81,0.4166666667,18-35-154-0-2,2,38,10,20,34,110,9,1,Detroit Lions,2,299,15,5,nan,2000-11-23,Detroit Lions -6.5,9,99,149
0.4166666667,3,400,23-38-366-2-1,344,27:23,Washington Redskins,32:37,14,6,138,67,0.5454545455,24-34-269-3-1,1,56,8,32,20,50,9,0,St. Louis Rams,2,394,22,7,nan,2000-11-20,St. Louis Rams -5.5,33,52,262
0.4285714286,5,417,13-27-188-1-2,155,25:40,Jacksonville Jaguars,34:20,24,5,240,55,0.4166666667,17-31-190-1-1,2,37,4,36,24,147,8,1,Pittsburgh Steelers,3,302,33,13,0,2000-11-19,Pittsburgh Steelers -3.0,34,30,177
0.25,1,211,16-31-210-0-0,210,32:25,Atlanta Falcons,27:35,32,0,93,40,0.1666666667,16-33-154-0-1,1,47.5,9,20,16,127,6,1,San Francisco 49ers,4,337,0,36,0.6666666667,2000-11-19,San Francisco 49ers -5.5,6,85,118
0.1,2,192,18-24-242-2-2,229,38:22,Dallas Cowboys,21:38,44,2,55,15,0.5384615385,19-33-138-0-3,3,36,6,14,27,250,3,nan,Baltimore Ravens,1,479,13,1,0,2000-11-19,Baltimore Ravens -7.0,0,55,137
0.4,4,239,16-29-128-0-3,117,28:02,New York Jets,31:58,22,3,133,29,0.3571428571,14-29-113-0-2,2,38.5,10,32,3,83,4,0,Miami Dolphins,2,200,11,7,nan,2000-11-19,Miami Dolphins -3.5,20,88,106
0.25,5,385,36-58-462-5-4,443,33:26,San Diego Chargers,26:34,22,3,86,62,0.5,13-27-311-3-1,3,42.5,7,27,38,93,9,nan,Denver Broncos,3,536,19,12,0.5,2000-11-19,Denver Broncos -9.5,37,63,299
0.2727272727,1,225,20-34-165-0-1,160,30:08,Tampa Bay Buccaneers,29:52,28,1,165,8,0.3333333333,12-19-91-0-2,3,36,4,33,13,83,1,0,Chicago Bears,4,243,5,31,0.5,2000-11-19,Tampa Bay Buccaneers -8.0,10,25,60
0.0909090909,7,125,16-25-204-0-4,192,38:19,Cleveland Browns,21:41,47,3,45,61,0.5384615385,13-20-103-0-1,1,35.5,5,18,24,182,7,1,Tennessee Titans,4,374,12,23,0,2000-11-19,Tennessee Titans -16.0,10,45,80
0.5294117647,4,314,29-51-350-2-1,320,26:07,Detroit Lions,33:53,15,4,95,55,0.25,20-32-225-3-1,2,36.5,10,35,21,53,6,1,New York Giants,1,373,30,6,nan,2000-11-19,New York Giants -5.0,31,103,219
0.6,1,293,16-27-226-2-1,200,27:37,Oakland Raiders,32:23,30,3,159,32,0.2727272727,14-21-168-2-0,1,43,12,36,22,133,5,nan,New Orleans Saints,5,333,26,34,nan,2000-11-19,Oakland Raiders -3.0,31,93,134
0.4166666667,1,338,23-37-301-2-1,287,34:09,Indianapolis Colts,25:51,28,2,71,69,0.3333333333,25-44-294-3-1,2,46,7,17,26,145,5,1,Green Bay Packers,4,432,14,27,1,2000-11-19,Indianapolis Colts -6.0,24,46,267
0.5882352941,1,365,22-36-258-0-1,252,27:32,Cincinnati Bengals,32:28,22,1,137,75,0.3846153846,20-38-236-1-1,2,36,9,37,16,39,8,nan,New England Patriots,1,291,6,8,nan,2000-11-19,New England Patriots -7.0,13,69,228
0.1666666667,2,210,25-34-217-1-1,204,34:49,Arizona Cardinals,25:11,31,3,54,114,0.5333333333,19-28-191-1-1,1,38,5,17,34,134,9,1,Philadelphia Eagles,8,338,13,35,1,2000-11-19,Philadelphia Eagles -7.0,9,35,156
0.5294117647,2,299,28-48-341-2-1,275,28:40,Buffalo Bills,31:20,19,5,75,45,0.4666666667,22-37-240-2-0,0,42,7,26,17,103,6,1,Kansas City Chiefs,4,378,66,16,1,2000-11-19,Kansas City Chiefs -3.0,21,57,224
0.4545454545,2,330,22-29-357-3-0,329,26:51,Carolina Panthers,33:09,26,1,78,30,0.6,26-44-272-0-2,3,46.5,8,26,31,117,5,nan,Minnesota Vikings,5,446,28,20,0,2000-11-19,Minnesota Vikings -9.5,17,53,252
0.1538461538,2,411,26-39-266-1-1,258,29:52,Oakland Raiders,30:08,23,1,38,54,0.4,30-53-382-1-2,3,50,5,18,27,71,9,1,Denver Broncos,4,329,8,9,0.3333333333,2000-11-13,Denver Broncos -3.0,24,45,373
0.1111111111,1,367,21-35-210-1-0,210,33:59,New York Jets,26:01,38,0,96,65,0.4666666667,20-38-271-1-2,2,52.5,4,22,23,148,6,1,Indianapolis Colts,0,358,0,0,0.5,2000-11-12,Indianapolis Colts -6.0,15,64,271
0.2142857143,1,302,16-27-164-2-1,164,32:03,Green Bay Packers,27:57,30,0,97,35,0.1818181818,23-43-210-1-0,1,42,6,19,20,108,4,nan,Tampa Bay Buccaneers,1,272,0,5,0.5,2000-11-12,Tampa Bay Buccaneers -9.0,15,37,205
0.2307692308,3,397,17-34-240-3-2,213,23:20,St. Louis Rams,36:40,19,3,141,10,0.1666666667,27-45-272-4-1,1,48.5,7,28,24,135,2,0,New York Giants,2,348,27,16,1,2000-11-12,St. Louis Rams -2.0,38,49,256
0.0769230769,4,244,20-47-178-1-4,156,27:14,Miami Dolphins,32:46,16,3,84,60,0.4,13-20-160-0-0,0,33.5,8,41,7,82,8,nan,San Diego Chargers,0,238,22,0,0.5,2000-11-12,Miami Dolphins -5.0,17,88,160
0.3,0,294,20-25-244-0-0,240,36:10,Kansas City Chiefs,23:50,37,1,49,50,0.5,22-40-276-0-1,1,52,6,15,21,149,7,nan,San Francisco 49ers,3,389,4,31,0,2000-11-12,Kansas City Chiefs -3.5,7,53,245
0.3846153846,0,286,20-37-138-1-0,133,34:24,New England Patriots,25:36,35,1,102,40,0.4736842105,21-35-212-1-1,4,32,4,22,19,139,5,nan,Cleveland Browns,4,272,5,28,1,2000-11-12,New England Patriots -7.0,11,25,184
0.5263157895,2,361,21-34-228-2-0,224,25:46,Baltimore Ravens,34:14,16,1,103,72,0.4166666667,23-36-281-2-1,1,33,8,29,23,62,8,nan,Tennessee Titans,5,286,4,23,nan,2000-11-12,Tennessee Titans -4.0,24,64,258
0.5333333333,1,326,24-33-340-1-0,315,30:48,Seattle Seahawks,29:12,26,5,96,50,0.5,22-33-231-3-0,0,40.5,7,32,21,122,5,0,Jacksonville Jaguars,1,437,25,1,1,2000-11-12,Jacksonville Jaguars -7.5,28,55,230
0.3076923077,1,234,18-29-200-0-1,194,35:16,Chicago Bears,24:44,35,1,99,20,0.2,20-37-146-0-3,4,39.5,3,21,20,105,3,0.5,Buffalo Bills,2,299,6,11,nan,2000-11-12,Buffalo Bills -7.0,3,15,135
0.3333333333,5,322,24-42-295-1-2,258,31:23,New Orleans Saints,28:37,17,8,157,99,0.5714285714,14-23-179-1-1,2,37.5,3,31,10,53,8,1,Carolina Panthers,2,311,37,14,1,2000-11-12,New Orleans Saints -2.0,20,22,165
0.2941176471,1,290,14-31-159-0-1,140,33:06,Philadelphia Eagles,31:10,37,3,88,61,0.2666666667,26-55-213-2-0,1,33,13,22,23,182,9,nan,Pittsburgh Steelers,3,322,19,11,1,2000-11-12,Pittsburgh Steelers -3.5,26,141,202
0.1428571429,1,218,12-27-128-0-1,115,29:28,Atlanta Falcons,30:32,33,2,114,82,0.1875,14-34-126-0-2,2,40,9,29,13,107,10,nan,Detroit Lions,3,222,13,22,1,2000-11-12,Detroit Lions -8.5,10,70,104
0.3333333333,1,195,24-37-308-1-0,308,35:25,Cincinnati Bengals,24:35,32,0,139,94,0.4666666667,10-25-68-0-1,2,39,13,32,23,97,7,1,Dallas Cowboys,3,405,0,12,0.3333333333,2000-11-12,Dallas Cowboys -8.5,6,100,56
0.5,2,249,26-34-306-3-1,302,34:08,Arizona Cardinals,25:52,32,2,51,65,0.6666666667,19-28-219-0-0,2,46,4,18,31,158,8,0,Minnesota Vikings,2,460,4,21,0,2000-11-12,Minnesota Vikings -12.5,14,35,198
0.4285714286,0,407,17-36-235-2-0,217,27:46,Minnesota Vikings,35:53,26,2,157,129,0.2857142857,17-35-276-2-4,5,47.5,8,33,26,81,11,nan,Green Bay Packers,3,298,18,26,nan,2000-11-06,Minnesota Vikings -3.5,20,63,250
0.2,2,268,29-42-431-2-0,395,31:25,Carolina Panthers,28:35,16,5,90,40,0.5,15-25-214-2-1,2,59.5,7,24,24,31,5,1,St. Louis Rams,5,426,36,36,1,2000-11-05,St. Louis Rams -13.5,27,52,178
0.6,1,398,11-19-85-2-1,78,20:09,San Diego Chargers,39:51,25,1,116,53,0.3636363636,26-37-283-1-1,3,39.5,5,33,17,50,9,nan,Seattle Seahawks,1,128,7,1,nan,2000-11-05,Seattle Seahawks -4.5,15,34,282
0.6666666667,3,447,21-42-293-1-2,293,23:13,Denver Broncos,36:47,17,0,130,57,0.3333333333,22-35-327-2-1,1,45.5,2,39,23,88,6,0,New York Jets,1,381,0,10,nan,2000-11-05,New York Jets -3.0,30,10,317
0.5333333333,2,422,12-19-146-0-1,133,22:34,Washington Redskins,37:26,24,1,164,59,0.5,20-39-276-0-2,3,40,8,37,16,45,8,nan,Arizona Cardinals,2,178,13,18,0,2000-11-05,Washington Redskins -10.0,15,74,258
0.375,0,513,20-31-242-4-0,242,38:29,Kansas City Chiefs,21:31,42,0,39,80,0.6923076923,39-53-504-2-2,3,44,9,9,49,231,9,nan,Oakland Raiders,4,473,0,30,1,2000-11-05,Oakland Raiders -3.5,31,81,474
0.5882352941,1,370,17-29-176-0-1,152,23:20,New York Giants,36:40,16,4,149,39,0.3846153846,19-31-257-3-0,1,33.5,4,44,3,41,3,0,Cleveland Browns,2,193,24,36,nan,2000-11-05,New York Giants -10.0,24,55,221
0.3636363636,1,167,20-31-227-0-1,216,39:30,Pittsburgh Steelers,20:30,40,1,74,25,0.4,7-22-112-1-1,3,36.5,14,20,9,148,4,1,Tennessee Titans,2,364,11,19,nan,2000-11-05,Tennessee Titans -8.0,7,115,93
0.4,1,378,15-27-137-0-0,130,26:47,Baltimore Ravens,33:13,26,3,142,50,0.2307692308,23-34-244-3-0,0,32.5,6,31,7,44,6,0,Cincinnati Bengals,1,174,7,8,nan,2000-11-05,Baltimore Ravens -6.0,27,40,236
0.3529411765,2,295,23-42-228-1-2,228,33:05,Dallas Cowboys,34:50,31,0,204,97,0.375,14-22-109-0-1,2,40,7,46,16,129,12,nan,Philadelphia Eagles,3,357,0,18,0.5,2000-11-05,Philadelphia Eagles -3.0,13,91,91
0.2857142857,4,267,30-50-247-2-4,224,29:45,Tampa Bay Buccaneers,30:15,15,4,126,43,0.4285714286,12-26-146-3-1,2,40,5,36,14,59,4,0.5,Atlanta Falcons,2,283,23,5,0.6666666667,2000-11-05,Tampa Bay Buccaneers -7.0,27,25,141
0.3636363636,0,346,21-27-288-3-0,249,36:50,San Francisco 49ers,23:10,38,4,84,97,0.5333333333,22-36-262-1-2,2,48,10,20,31,111,14,1,New Orleans Saints,0,360,39,0,1,2000-11-05,New Orleans Saints -5.5,15,54,262
0.4615384615,0,371,25-36-227-1-0,227,35:23,Indianapolis Colts,24:37,35,0,90,81,0.5333333333,26-39-302-2-1,2,45,8,20,27,143,7,0.5,Chicago Bears,2,370,0,21,1,2000-11-05,Indianapolis Colts -7.0,24,58,281
0.3333333333,2,315,14-27-116-0-2,100,32:38,Buffalo Bills,31:54,34,3,141,73,0.3529411765,18-37-179-1-0,1,39,8,31,13,89,7,1,New England Patriots,1,189,16,5,nan,2000-11-05,New England Patriots -2.0,16,103,174
0.3846153846,3,293,15-27-169-0-1,154,26:15,Miami Dolphins,33:45,22,4,189,62,0.4166666667,13-18-112-0-0,0,39,5,37,8,99,7,1,Detroit Lions,1,253,15,8,nan,2000-11-05,Detroit Lions -2.5,23,40,104
0.3636363636,3,189,21-40-202-2-3,176,30:41,Tennessee Titans,29:19,24,3,96,56,0.5714285714,14-18-96-1-0,0,37.5,7,27,21,90,10,0,Washington Redskins,1,266,26,3,nan,2000-10-30,Washington Redskins -4.0,27,62,93
0.4117647059,2,228,25-35-222-2-1,195,28:16,Oakland Raiders,31:44,20,3,83,50,0.3846153846,16-35-156-0-1,1,42.5,11,28,13,29,8,0,San Diego Chargers,1,224,27,11,nan,2000-10-29,Oakland Raiders -6.5,15,88,145
0.3076923077,4,410,26-42-224-2-3,208,29:20,Kansas City Chiefs,30:40,25,3,76,53,0.2857142857,22-35-342-3-3,3,43,10,26,19,143,7,1,Seattle Seahawks,1,351,16,8,0,2000-10-29,Kansas City Chiefs -4.0,24,99,334
0.4666666667,3,392,17-25-220-1-1,207,30:08,Jacksonville Jaguars,33:36,32,2,161,50,0.5555555556,20-24-231-3-0,0,44.5,7,38,17,118,8,nan,Dallas Cowboys,0,325,13,0,0,2000-10-29,Dallas Cowboys -4.0,23,54,231
0.0909090909,0,192,22-37-253-1-0,232,43:41,Philadelphia Eagles,16:19,44,3,72,74,0.4117647059,10-31-129-1-1,1,37,5,11,24,152,8,0.3333333333,New York Giants,4,384,21,9,0,2000-10-29,New York Giants -3.5,7,35,120
0.4285714286,4,247,26-47-289-1-2,269,33:19,New Orleans Saints,26:41,27,3,89,55,0.5555555556,16-26-167-1-1,1,41,4,29,10,125,5,1,Arizona Cardinals,2,394,20,9,nan,2000-10-29,New Orleans Saints -6.0,21,27,158
0.3571428571,0,447,26-44-243-2-0,233,25:59,St. Louis Rams,34:01,18,2,149,90,0.375,22-39-310-2-1,1,63,8,30,24,92,11,0,San Francisco 49ers,2,325,10,12,nan,2000-10-29,St. Louis Rams -7.0,34,80,298
0.3571428571,5,328,22-33-288-3-2,281,34:14,Detroit Lions,25:46,31,1,154,57,0.4166666667,18-39-190-1-2,4,47,3,23,30,139,9,nan,Indianapolis Colts,3,420,7,16,nan,2000-10-29,Indianapolis Colts -7.0,18,20,174
0.4117647059,1,253,13-32-147-0-1,128,23:18,Cincinnati Bengals,36:42,20,2,192,84,0.2142857143,7-20-84-0-1,1,35.5,9,51,3,54,6,0,Cleveland Browns,4,182,19,23,0,2000-10-29,Cincinnati Bengals -3.0,12,71,61
0.3076923077,3,209,19-29-191-0-2,184,31:37,Carolina Panthers,28:23,27,1,30,58,0.3636363636,21-41-202-0-3,4,45.5,8,20,13,97,9,nan,Atlanta Falcons,5,281,7,23,0.5,2000-10-29,Carolina Panthers -3.0,12,98,179
0.2,1,319,16-25-158-1-0,156,28:19,Green Bay Packers,31:41,30,1,133,59,0.3333333333,21-34-194-0-1,2,38.5,7,24,28,140,7,1,Miami Dolphins,2,296,2,8,1,2000-10-29,Miami Dolphins -4.5,20,104,186
0.3333333333,3,231,12-25-152-0-1,139,28:02,Pittsburgh Steelers,31:58,27,3,120,20,0.2727272727,9-18-133-1-0,1,33,4,34,6,135,3,0,Baltimore Ravens,5,274,13,22,nan,2000-10-29,Baltimore Ravens -4.5,9,20,111
0.5714285714,0,337,18-35-253-0-0,252,30:23,New York Jets,29:37,29,1,51,20,0.4285714286,28-38-293-2-2,4,41,5,20,23,86,2,0.5,Buffalo Bills,1,338,1,7,1,2000-10-29,Buffalo Bills -3.5,20,45,286
0.5,0,401,16-23-267-4-0,261,27:47,Minnesota Vikings,32:13,25,1,99,46,0.5,29-53-313-1-2,3,41,4,17,41,152,6,0,Tampa Bay Buccaneers,2,413,6,11,0.3333333333,2000-10-29,Tampa Bay Buccaneers -3.0,13,34,302
0.2941176471,4,433,36-59-378-5-3,376,30:36,Miami Dolphins,36:11,22,1,198,95,0.25,16-35-250-2-3,3,35,3,38,40,79,13,0.5,New York Jets,2,455,2,15,nan,2000-10-23,New York Jets -3.0,37,30,235
0.2222222222,4,399,21-42-271-1-2,239,32:18,Washington Redskins,27:42,26,6,130,59,0.4705882353,16-24-269-3-1,2,36,5,30,16,146,6,nan,Jacksonville Jaguars,0,385,32,0,nan,2000-10-22,Washington Redskins -4.0,35,42,269
0.0833333333,0,104,10-25-120-0-0,105,39:35,Cleveland Browns,20:25,45,3,49,77,0.3125,10-23-63-0-3,3,37.5,5,19,22,143,8,1,Pittsburgh Steelers,1,248,15,8,nan,2000-10-22,Pittsburgh Steelers -9.0,0,47,55
0.4285714286,1,283,15-22-176-3-1,174,30:20,Seattle Seahawks,29:40,27,1,137,68,0.2222222222,15-30-149-0-1,3,44,10,32,31,206,10,nan,Oakland Raiders,2,380,2,3,0,2000-10-22,Oakland Raiders -7.5,3,90,146
0.6153846154,0,402,15-20-240-2-0,203,26:08,New Orleans Saints,33:52,17,6,196,45,0.125,19-31-209-0-1,1,40,7,38,19,75,6,nan,Atlanta Falcons,1,278,37,3,0,2000-10-22,New Orleans Saints -1.5,21,48,206
0.2222222222,2,274,22-35-207-1-1,201,30:58,Chicago Bears,29:02,27,1,114,50,0.2,20-43-177-0-1,1,41,4,25,13,97,7,1,Philadelphia Eagles,3,298,6,17,1,2000-10-22,Philadelphia Eagles -6.5,9,35,160
0.5882352941,1,406,17-29-251-3-1,251,24:22,Buffalo Bills,35:38,22,0,120,72,0.3333333333,28-43-294-2-0,1,44.5,9,28,31,97,11,nan,Minnesota Vikings,1,348,0,8,nan,2000-10-22,Minnesota Vikings -6.5,27,55,286
0.1666666667,4,191,25-46-290-0-4,255,36:01,Tennessee Titans,23:59,29,5,90,20,0.4375,11-21-101-1-1,2,35,8,26,6,113,4,0,Baltimore Ravens,0,368,35,0,0,2000-10-22,Baltimore Ravens -1.0,14,52,101
0.5,0,411,28-44-309-3-0,292,33:37,San Francisco 49ers,26:23,25,3,128,82,0.7142857143,25-39-307-2-1,2,50,6,18,34,98,13,nan,Carolina Panthers,3,390,17,24,0.3333333333,2000-10-22,Carolina Panthers -3.0,16,63,283
0.4,1,386,16-20-268-3-0,268,20:59,New England Patriots,39:01,21,0,155,48,0.4,23-34-231-1-0,1,47,8,42,30,130,6,nan,Indianapolis Colts,0,398,0,0,0.6666666667,2000-10-22,Indianapolis Colts -8.5,23,106,231
0.3636363636,1,500,2-14-34-0-0,14,22:27,Denver Broncos,37:33,37,2,142,38,0.4545454545,30-45-365-2-1,3,43,9,32,31,407,6,nan,Cincinnati Bengals,2,421,20,7,0.5,2000-10-22,Denver Broncos -10.0,21,69,358
0.2,0,276,9-15-154-2-0,147,30:45,Arizona Cardinals,29:15,40,1,109,59,0.4285714286,20-31-180-0-3,3,41.5,5,24,48,200,11,nan,Dallas Cowboys,1,347,7,13,0,2000-10-22,Dallas Cowboys -7.0,7,30,167
0.4166666667,0,428,22-34-375-3-0,362,25:11,St. Louis Rams,34:49,22,2,66,87,0.4166666667,30-46-390-4-3,4,56,6,20,54,106,8,nan,Kansas City Chiefs,4,468,13,28,1,2000-10-22,St. Louis Rams -7.0,34,50,362
0.4117647059,4,277,17-34-149-0-3,149,23:25,Detroit Lions,36:35,19,0,170,55,0.1818181818,13-31-144-0-0,0,37.5,7,37,14,109,7,0,Tampa Bay Buccaneers,7,258,0,37,nan,2000-10-19,Tampa Bay Buccaneers -8.0,28,54,107
0.2857142857,1,304,13-21-234-2-0,234,33:07,Jacksonville Jaguars,26:53,38,0,143,40,0.5,18-27-196-0-0,2,38,10,26,27,175,5,nan,Tennessee Titans,5,409,0,35,0,2000-10-16,Tennessee Titans -6.0,13,89,161
0.5,0,368,19-33-210-1-0,196,32:35,Minnesota Vikings,27:25,26,2,191,73,0.2857142857,15-26-198-3-0,1,44,8,29,16,98,7,0.5,Chicago Bears,3,294,14,21,0.5,2000-10-15,Minnesota Vikings -6.0,28,53,177
0.5833333333,0,414,20-27-266-1-0,246,32:24,San Francisco 49ers,27:36,31,2,95,53,0.4545454545,27-42-336-4-0,0,49.5,9,19,31,132,4,nan,Green Bay Packers,2,378,20,17,nan,2000-10-15,Green Bay Packers -4.5,28,65,319
0.25,0,278,22-40-353-3-0,353,31:51,Cleveland Browns,28:09,31,0,38,116,0.4285714286,26-45-287-1-3,3,44,2,9,44,146,9,1,Denver Broncos,5,499,0,47,nan,2000-10-15,Denver Broncos -12.5,10,14,240
0.3333333333,6,294,18-41-244-0-4,198,22:06,New York Jets,37:54,14,7,164,68,0.2307692308,15-23-139-0-0,1,37,4,43,17,51,5,0.5,New England Patriots,3,249,46,9,1,2000-10-15,New England Patriots -3.0,34,30,130
0.5454545455,3,499,24-32-283-3-1,252,23:51,Indianapolis Colts,36:09,16,6,219,25,0.5555555556,20-30-281-1-0,1,44,5,39,24,65,3,nan,Seattle Seahawks,1,317,31,1,1,2000-10-15,Indianapolis Colts -5.5,37,39,280
0.5555555556,3,391,18-30-213-2-2,207,20:26,Philadelphia Eagles,39:34,14,1,172,95,0.2857142857,24-35-226-1-0,0,39,9,38,14,98,10,0.5,Arizona Cardinals,3,305,6,7,1,2000-10-15,Philadelphia Eagles -2.5,33,65,219
0.2142857143,3,141,12-24-195-1-0,182,35:58,Carolina Panthers,24:02,47,1,10,45,0.5,15-31-172-0-1,2,40.5,8,12,24,215,7,1,New Orleans Saints,8,397,13,41,0,2000-10-15,Pick,6,59,131
0.3846153846,0,269,14-25-119-1-0,108,29:18,Dallas Cowboys,30:42,33,2,76,81,0.2307692308,22-42-211-1-5,5,40.5,9,27,19,203,9,1,New York Giants,2,311,11,18,0,2000-10-15,New York Giants -4.0,14,72,193
0.25,1,259,24-40-313-3-1,302,34:44,Atlanta Falcons,25:16,31,3,61,40,0.5,18-30-220-2-1,1,58.5,11,16,45,227,8,0.6666666667,St. Louis Rams,3,529,11,22,1,2000-10-15,St. Louis Rams -18.0,29,96,198
0.3846153846,2,199,18-27-158-0-1,145,28:56,Baltimore Ravens,31:04,29,1,91,41,0.5714285714,16-27-135-0-1,1,34.5,6,25,10,101,7,nan,Washington Redskins,3,246,13,27,nan,2000-10-15,Washington Redskins -3.5,3,51,108
0.3571428571,2,303,31-50-351-1-1,329,35:32,San Diego Chargers,32:54,28,4,52,88,0.2631578947,21-34-287-2-2,4,36.5,10,27,27,95,12,1,Buffalo Bills,4,424,22,36,nan,2000-10-15,Buffalo Bills -10.0,24,103,251
0.1764705882,0,232,13-33-173-1-0,171,31:21,Cincinnati Bengals,28:39,32,1,120,46,0.2352941176,14-36-136-0-2,3,37,8,26,15,103,6,nan,Pittsburgh Steelers,4,274,2,24,0.5,2000-10-15,Pittsburgh Steelers -8.5,0,65,112
0.4166666667,1,391,23-40-288-2-0,288,25:59,Oakland Raiders,34:01,19,1,161,69,0.3846153846,28-33-244-2-0,1,43.5,6,33,17,58,8,0,Kansas City Chiefs,2,346,0,14,1,2000-10-15,Kansas City Chiefs -3.0,20,40,230
0.5384615385,2,346,15-19-231-2-1,207,30:23,Tampa Bay Buccaneers,29:37,30,6,63,58,0.2,26-41-295-0-0,3,39,4,20,30,115,7,1,Minnesota Vikings,2,322,24,12,0,2000-10-09,Minnesota Vikings -1.0,23,44,283
0.1764705882,6,194,29-43-260-0-3,253,31:48,Baltimore Ravens,28:12,27,3,56,25,0.5333333333,17-39-154-0-0,1,37.5,6,25,10,95,5,nan,Jacksonville Jaguars,2,348,7,16,nan,2000-10-08,Jacksonville Jaguars -2.5,15,34,138
0.3888888889,3,304,18-43-237-1-3,212,25:34,Denver Broncos,34:26,20,4,96,113,0.2,27-40-235-3-0,0,43,6,30,7,65,9,0.5,San Diego Chargers,2,277,25,27,0.5,2000-10-08,Denver Broncos -6.5,21,57,208
0,1,209,27-39-332-2-1,322,39:40,Seattle Seahawks,20:20,33,2,63,80,0.3636363636,19-34-172-0-0,0,43,5,11,26,125,12,nan,Carolina Panthers,3,447,10,26,0.3333333333,2000-10-08,Carolina Panthers -3.5,3,30,146
0.0833333333,3,255,23-47-255-0-2,225,30:15,New York Giants,29:45,14,4,104,71,0.3571428571,14-25-151-0-2,2,42,2,33,6,13,8,0,Atlanta Falcons,0,238,30,0,nan,2000-10-08,Atlanta Falcons -1.0,13,13,151
0.4285714286,2,471,28-41-336-4-0,336,34:45,Oakland Raiders,35:30,34,0,164,74,0.6,21-43-310-2-1,2,48.5,13,33,28,136,10,0,San Francisco 49ers,1,472,0,3,nan,2000-10-08,Oakland Raiders -4.5,34,124,307
0.3571428571,2,240,17-30-171-2-0,169,31:03,Cleveland Browns,28:57,31,1,104,86,0.2,16-22-138-0-0,0,40.5,3,31,29,146,8,0.5,Arizona Cardinals,1,315,2,2,0,2000-10-08,Arizona Cardinals -4.5,21,20,136
0.3333333333,3,403,18-37-202-0-3,173,21:32,New Orleans Saints,38:28,15,5,186,149,0.1538461538,18-25-232-3-1,1,40,5,49,10,72,10,0,Chicago Bears,2,245,29,15,1,2000-10-08,Chicago Bears -5.5,31,45,217
0.3333333333,4,407,18-35-207-2-2,199,23:33,Washington Redskins,36:27,18,2,141,80,0.3,25-36-289-0-1,2,37.5,5,31,14,75,12,nan,Philadelphia Eagles,3,274,8,23,nan,2000-10-08,Washington Redskins -3.5,17,48,266
0.5294117647,0,408,17-25-204-3-0,183,26:50,Indianapolis Colts,33:10,29,3,84,52,0.3846153846,31-54-334-1-3,3,43.5,7,26,24,118,5,1,New England Patriots,2,301,21,10,1,2000-10-08,Indianapolis Colts -3.5,16,34,324
0.3076923077,1,254,14-24-142-1-1,134,34:22,Buffalo Bills,25:38,37,1,76,40,0.4,14-32-222-0-1,2,34.5,5,21,22,120,3,nan,Miami Dolphins,6,254,8,44,1,2000-10-08,Miami Dolphins -2.0,13,64,178
0.4375,1,339,13-26-199-3-1,179,25:24,Green Bay Packers,34:36,24,3,69,29,0.3076923077,27-43-293-2-3,5,43,6,22,31,74,4,nan,Detroit Lions,4,253,20,23,1,2000-10-08,Detroit Lions -3.0,24,50,270
0.5555555556,4,330,13-26-99-0-2,94,22:17,Pittsburgh Steelers,37:43,21,1,193,57,0.4444444444,17-26-140-1-0,0,37.5,6,41,3,112,7,nan,New York Jets,1,206,5,3,nan,2000-10-08,New York Jets -8.0,20,45,137
0.375,2,417,10-23-85-0-0,84,18:38,Tennessee Titans,41:22,20,1,203,50,0.1666666667,19-31-230-1-1,2,38,2,44,14,129,6,nan,Cincinnati Bengals,2,213,1,16,1,2000-10-08,Tennessee Titans -10.0,23,10,214
0.3846153846,0,289,16-27-256-2-0,242,25:08,Seattle Seahawks,34:52,26,2,186,45,0.2727272727,17-28-140-1-1,2,38.5,12,34,24,136,7,nan,Kansas City Chiefs,5,378,14,37,nan,2000-10-02,Kansas City Chiefs -4.0,17,77,103
0.1538461538,3,200,30-45-311-2-2,307,31:52,Atlanta Falcons,28:08,21,1,61,10,0.5714285714,15-35-156-0-1,1,41.5,9,22,38,195,2,nan,Philadelphia Eagles,2,502,4,17,0.5,2000-10-01,Philadelphia Eagles -3.0,10,110,139
0.2142857143,1,255,20-32-207-1-0,185,32:37,Tampa Bay Buccaneers,31:32,32,3,72,40,0.2777777778,19-38-202-1-1,2,36,8,28,20,145,4,nan,Washington Redskins,4,330,22,19,nan,2000-10-01,Washington Redskins -1.5,17,48,183
0.2666666667,3,370,31-48-333-3-1,320,28:10,Chicago Bears,31:50,14,2,178,65,0.3333333333,11-20-203-2-0,0,41,4,36,24,44,8,0,Green Bay Packers,5,364,13,11,nan,2000-10-01,Green Bay Packers -5.5,27,35,192
0.2307692308,1,365,22-33-220-1-0,215,32:10,Arizona Cardinals,27:50,32,1,126,40,0.4375,24-41-239-1-0,2,47.5,6,24,27,130,4,nan,San Francisco 49ers,0,345,5,0,0.6666666667,2000-10-01,San Francisco 49ers -3.5,20,40,239
0.3846153846,2,314,31-50-361-1-1,326,32:48,New England Patriots,27:12,21,4,54,17,0.4117647059,18-27-271-4-1,1,41,7,27,19,79,5,0.5,Denver Broncos,3,405,35,11,0,2000-10-01,Denver Broncos -8.5,28,50,260
0.5454545455,1,302,20-38-178-1-0,159,33:40,Miami Dolphins,26:20,35,3,159,61,0.4,14-21-155-2-1,2,33,10,29,16,191,8,0.5,Cincinnati Bengals,2,350,19,12,nan,2000-10-01,Miami Dolphins -7.0,31,123,143
0.1818181818,1,215,24-35-293-3-0,284,42:46,New York Giants,17:14,43,2,24,48,0.7,17-36-197-2-3,4,38,6,12,28,152,7,0,Tennessee Titans,1,436,9,6,1,2000-10-01,Tennessee Titans -5.0,14,64,191
0.3846153846,4,348,21-36-207-0-3,207,23:16,Baltimore Ravens,36:44,13,0,188,62,0.3636363636,18-34-169-0-1,1,37,8,37,0,23,6,0.5,Cleveland Browns,1,230,0,9,nan,2000-10-01,Baltimore Ravens -8.5,12,60,160
0.3636363636,2,332,23-45-225-1-1,180,24:50,Pittsburgh Steelers,35:10,16,7,209,55,0.3333333333,10-16-132-0-1,3,38.5,10,44,13,26,7,0.5,Jacksonville Jaguars,2,206,45,9,nan,2000-10-01,Jacksonville Jaguars -11.0,24,75,123
0.4545454545,0,381,27-34-465-5-0,451,30:25,San Diego Chargers,29:35,26,2,48,15,0.4545454545,27-40-348-2-1,2,53.5,4,15,57,163,3,1,St. Louis Rams,3,614,14,15,nan,2000-10-01,St. Louis Rams -17.0,31,36,333
0.5,2,291,17-29-161-0-0,153,27:49,Dallas Cowboys,36:03,29,1,173,45,0.4285714286,15-23-131-0-2,2,47.5,5,38,13,119,4,0.5,Carolina Panthers,2,272,8,13,0,2000-10-01,Carolina Panthers -6.5,16,55,118
0.4166666667,1,439,25-44-239-1-1,226,31:18,Minnesota Vikings,28:42,25,2,178,72,0.1818181818,17-29-269-3-0,0,42.5,9,29,24,129,10,0.5,Detroit Lions,2,355,13,8,0,2000-10-01,Detroit Lions -1.0,31,55,261
0.5454545455,0,265,21-32-246-1-0,215,35:59,Indianapolis Colts,24:01,33,4,81,20,0.4375,16-27-187-2-1,1,44,8,24,16,170,3,1,Buffalo Bills,1,385,31,3,nan,2000-10-01,Buffalo Bills -1.5,18,60,184
0.3571428571,1,286,23-36-440-4-0,440,32:22,Jacksonville Jaguars,27:38,28,0,97,40,0.4166666667,21-36-229-2-2,2,45,11,24,43,93,4,nan,Indianapolis Colts,5,533,0,40,nan,2000-09-25,Indianapolis Colts -3.5,14,90,189
0.3571428571,1,394,21-44-210-1-1,168,28:38,Washington Redskins,31:22,22,4,110,25,0.4375,14-20-289-2-0,0,42,6,39,6,93,4,1,New York Giants,1,261,42,5,nan,2000-09-24,New York Giants -1.0,16,59,284
0.1818181818,0,230,14-25-179-0-0,179,32:57,Cleveland Browns,27:03,36,1,89,46,0.3846153846,18-34-156-1-2,2,40.5,5,21,36,113,8,nan,Oakland Raiders,3,292,0,15,0.5,2000-09-24,Oakland Raiders -10.5,10,40,141
0.5,3,294,18-31-208-0-1,197,29:41,Kansas City Chiefs,30:19,30,1,49,48,0.3333333333,21-33-250-2-2,3,43,6,27,22,145,8,nan,Denver Broncos,1,342,11,5,nan,2000-09-24,Denver Broncos -7.0,23,71,245
0.25,2,269,24-40-220-0-2,212,33:16,Seattle Seahawks,26:44,24,2,108,45,0.3529411765,11-21-196-1-0,2,36,9,25,12,91,5,0,San Diego Chargers,5,303,8,35,nan,2000-09-24,Seattle Seahawks -2.5,20,71,161
0.3333333333,4,296,7-19-135-1-2,120,28:31,New York Jets,31:29,32,2,98,25,0.2727272727,24-44-204-2-3,3,36,8,24,17,119,4,nan,Tampa Bay Buccaneers,1,239,15,6,nan,2000-09-24,Tampa Bay Buccaneers -7.0,21,75,198
0.4166666667,4,455,21-43-189-0-4,181,23:32,Green Bay Packers,36:28,13,1,176,53,0.4285714286,18-32-288-1-0,1,42,5,36,3,28,6,0,Arizona Cardinals,1,209,8,9,nan,2000-09-24,Arizona Cardinals -1.0,29,45,279
0.7333333333,3,439,18-31-250-2-1,222,22:47,San Francisco 49ers,37:13,14,3,261,94,0.4,16-27-178-4-0,0,47,5,47,24,76,8,1,Dallas Cowboys,0,298,28,0,nan,2000-09-24,Dallas Cowboys -6.5,41,62,178
0.25,3,210,12-24-153-1-2,143,30:02,New England Patriots,29:58,33,1,56,30,0.4285714286,16-33-161-0-1,2,34.5,5,29,10,99,3,1,Miami Dolphins,2,242,10,7,0.5,2000-09-24,Miami Dolphins -4.5,3,40,154
0.4666666667,4,268,18-38-163-0-2,141,30:39,Philadelphia Eagles,29:21,25,5,67,64,0.2666666667,20-32-222-2-0,2,38,5,25,7,146,10,0,New Orleans Saints,3,287,22,21,0,2000-09-24,New Orleans Saints -1.5,21,40,201
0.4444444444,4,395,22-38-264-1-2,218,32:44,St. Louis Rams,27:16,21,8,74,90,0.4285714286,12-19-336-4-1,2,55,5,25,20,68,10,0,Atlanta Falcons,3,286,46,15,nan,2000-09-24,St. Louis Rams -6.5,41,42,321
0.3125,5,274,21-35-261-1-3,254,28:22,Detroit Lions,31:38,31,1,80,39,0.1666666667,20-37-207-2-1,1,37.5,9,29,14,147,6,0.25,Chicago Bears,3,401,7,13,nan,2000-09-24,Chicago Bears -1.0,21,78,194
0.1818181818,1,94,22-39-215-2-0,215,38:44,Cincinnati Bengals,21:16,38,0,4,53,0.7058823529,15-24-105-0-2,4,38,10,16,37,176,8,0,Baltimore Ravens,4,391,0,15,0.3333333333,2000-09-24,Baltimore Ravens -11.5,0,90,90
0.5,1,372,19-37-260-0-0,249,29:28,Tennessee Titans,30:32,25,3,85,25,0.3333333333,16-30-292-1-3,3,36,5,31,20,115,3,nan,Pittsburgh Steelers,1,364,11,5,nan,2000-09-24,Tennessee Titans -7.0,23,35,287
0.25,2,332,30-49-241-1-1,224,35:06,Dallas Cowboys,24:54,29,3,153,20,0.2666666667,10-23-185-2-1,2,44,6,31,21,107,4,1,Washington Redskins,1,331,17,6,1,2000-09-18,Washington Redskins -10.5,27,82,179
0.2,1,262,11-16-160-1-1,152,31:11,Baltimore Ravens,28:49,34,1,118,20,0.4166666667,19-31-189-0-1,1,34.5,6,18,19,106,4,nan,Miami Dolphins,6,258,8,45,0,2000-09-17,Baltimore Ravens -1.5,6,38,144
0.5,1,263,22-29-193-1-1,169,34:47,New Orleans Saints,25:13,31,4,116,40,0.5384615385,14-24-159-1-0,0,40,4,26,20,126,4,nan,Seattle Seahawks,2,295,24,12,0,2000-09-17,Seattle Seahawks -6.0,10,32,147
0.5882352941,1,315,21-35-190-1-1,164,20:52,Minnesota Vikings,39:08,18,3,154,61,0.4166666667,19-28-177-2-1,2,42.5,9,43,13,103,5,0,New England Patriots,4,267,26,16,1,2000-09-17,New England Patriots -1.5,21,64,161
0.3846153846,4,387,13-21-159-2-2,140,22:54,Denver Broncos,37:06,19,4,180,30,0,21-31-213-2-0,1,44,5,39,24,123,3,nan,Oakland Raiders,1,263,19,6,0,2000-09-17,Oakland Raiders -3.0,33,51,207
0.3076923077,1,187,20-33-235-5-1,232,35:09,San Diego Chargers,24:51,34,2,49,86,0.4666666667,17-35-169-0-1,2,35.5,6,14,42,117,8,1,Kansas City Chiefs,6,349,3,31,0,2000-09-17,Kansas City Chiefs -4.5,10,30,138
0.5333333333,1,409,23-36-202-1-0,180,21:49,New York Giants,38:11,17,3,172,15,0.25,24-33-251-1-0,1,42,2,41,7,48,2,0,Chicago Bears,2,228,22,14,nan,2000-09-17,Chicago Bears -2.0,14,30,237
0.625,3,331,26-36-277-1-2,226,23:56,Tampa Bay Buccaneers,36:04,10,7,120,45,0.1666666667,18-30-211-1-0,0,34.5,10,39,10,17,5,0,Detroit Lions,0,243,51,0,nan,2000-09-17,Tampa Bay Buccaneers -3.0,31,51,211
0.4615384615,1,354,16-32-188-1-1,188,33:11,Buffalo Bills,26:49,36,0,80,66,0.3529411765,21-36-291-2-1,4,38.5,3,23,27,91,7,1,New York Jets,2,279,0,17,nan,2000-09-17,New York Jets -1.0,14,10,274
0.3333333333,4,171,18-33-189-0-3,157,32:20,Philadelphia Eagles,27:40,29,5,85,115,0.3846153846,15-31-118-0-1,1,42.5,5,22,6,79,12,nan,Green Bay Packers,5,236,32,32,nan,2000-09-17,Green Bay Packers -4.0,3,31,86
0.1875,4,262,21-38-241-1-2,225,26:46,Atlanta Falcons,33:14,16,4,108,57,0.3333333333,21-27-174-0-0,2,48.5,4,30,10,59,7,0,Carolina Panthers,2,284,16,20,nan,2000-09-17,Carolina Panthers -6.0,15,28,154
0.2,2,401,23-34-394-2-2,389,33:07,San Francisco 49ers,26:53,28,1,111,53,0.4444444444,21-34-290-3-2,2,55.5,3,21,41,140,7,nan,St. Louis Rams,0,529,5,0,1,2000-09-17,St. Louis Rams -17.0,24,25,290
0.1818181818,1,336,23-31-316-2-0,316,28:48,Pittsburgh Steelers,31:12,23,0,170,35,0.4615384615,14-29-181-0-1,1,35.5,4,31,23,61,4,nan,Cleveland Browns,3,377,0,15,1,2000-09-17,Pittsburgh Steelers -2.5,20,26,166
0.2352941176,1,233,20-32-176-1-1,157,31:29,Cincinnati Bengals,28:31,29,4,71,44,0.25,18-41-183-0-2,4,41,7,23,13,84,6,0,Jacksonville Jaguars,5,241,19,21,0.5,2000-09-17,Jacksonville Jaguars -13.0,0,76,162
0.5,1,293,16-37-281-3-1,271,22:00,New England Patriots,38:00,17,2,100,8,0.4166666667,25-43-229-1-0,0,39.5,6,34,20,59,3,1,New York Jets,6,330,10,36,0.5,2000-09-11,New York Jets -6.5,19,69,193
0.4166666667,1,330,18-24-243-2-0,224,31:20,Dallas Cowboys,28:40,33,2,90,102,0.5833333333,24-34-243-3-0,2,38.5,2,22,32,98,5,nan,Arizona Cardinals,1,322,19,3,0.75,2000-09-10,Arizona Cardinals -3.0,31,15,240
0.1818181818,0,186,20-33-268-3-0,255,37:03,Atlanta Falcons,22:57,39,2,47,71,0.3846153846,12-29-171-1-0,3,47,7,13,42,152,10,1,Denver Broncos,6,407,13,32,0,2000-09-10,Denver Broncos -4.5,14,54,139
0.6666666667,2,333,16-31-194-0-2,182,29:05,Washington Redskins,30:55,24,2,104,55,0.3333333333,23-35-245-1-4,4,43,7,23,15,62,6,nan,Detroit Lions,1,244,12,16,nan,2000-09-10,Washington Redskins -5.5,10,50,229
0.4615384615,2,450,22-40-307-1-1,301,23:53,Carolina Panthers,36:07,22,1,98,50,0.3333333333,24-32-364-3-1,1,48,9,34,22,90,6,0.3333333333,San Francisco 49ers,2,391,6,12,1,2000-09-10,Carolina Panthers -3.0,38,67,352
0.6428571429,3,476,20-31-245-1-2,237,26:27,St. Louis Rams,33:33,24,3,97,16,0.4444444444,35-47-386-1-1,1,46,1,22,34,101,4,1,Seattle Seahawks,1,338,8,7,nan,2000-09-10,St. Louis Rams -7.5,37,10,379
0.6,2,323,13-26-137-1-2,116,23:54,New Orleans Saints,36:06,20,5,64,37,0.1111111111,33-46-259-3-2,3,35.5,7,31,27,72,6,0,San Diego Chargers,0,188,21,0,nan,2000-09-10,San Diego Chargers -5.5,28,85,259
0.4,3,189,23-36-255-2-2,232,33:05,Kansas City Chiefs,29:53,29,4,62,72,0.5625,13-21-144-1-0,0,38.5,7,33,17,121,10,0,Tennessee Titans,3,353,23,17,0,2000-09-10,Tennessee Titans -8.5,14,70,127
0.5,0,387,19-33-214-1-0,181,21:16,New York Giants,38:44,12,3,167,35,0.3,21-29-220-2-0,0,39.5,5,39,18,56,4,0,Philadelphia Eagles,1,237,33,0,nan,2000-09-10,Philadelphia Eagles -3.0,33,40,220
0.3571428571,2,421,23-40-262-5-2,242,28:37,Jacksonville Jaguars,31:23,18,3,46,60,0.2307692308,28-50-386-3-2,4,36.5,8,21,39,89,10,nan,Baltimore Ravens,4,331,20,11,0,2000-09-10,Baltimore Ravens -3.0,36,65,375
0.0909090909,0,165,13-24-186-2-0,171,33:36,Chicago Bears,26:24,36,2,116,64,0.3846153846,15-29-96-0-2,4,36.5,3,22,41,156,9,nan,Tampa Bay Buccaneers,5,327,15,47,1,2000-09-10,Tampa Bay Buccaneers -7.0,0,20,49
0.1666666667,1,274,18-26-259-3-1,220,33:23,Green Bay Packers,26:37,34,5,40,12,0.4,25-35-269-2-0,3,38.5,5,16,27,89,2,nan,Buffalo Bills,4,309,39,35,1,2000-09-10,Buffalo Bills -6.0,18,33,234
0.5,3,359,33-48-367-3-2,351,29:01,Oakland Raiders,30:59,20,2,152,35,0.5,15-22-207-0-0,0,44,7,38,31,111,5,0,Indianapolis Colts,0,462,16,0,nan,2000-09-10,Indianapolis Colts -6.5,38,41,207
0.3333333333,3,354,15-43-250-1-2,207,25:57,Cleveland Browns,34:03,19,7,105,60,0.375,19-31-259-2-1,1,40.5,7,33,7,111,6,0.6666666667,Cincinnati Bengals,1,318,43,10,0,2000-09-10,Cincinnati Bengals -6.0,24,65,249
0.2307692308,4,209,23-37-355-1-3,343,37:19,Miami Dolphins,22:41,28,3,49,40,0.4545454545,12-31-175-1-1,1,42.5,7,16,13,125,7,nan,Minnesota Vikings,3,468,12,15,nan,2000-09-10,Minnesota Vikings -3.0,7,60,160
0.4545454545,3,424,25-35-441-3-3,433,27:47,Denver Broncos,32:13,18,2,150,27,0.8571428571,19-29-307-2-0,0,48.5,5,28,41,80,5,nan,St. Louis Rams,4,513,8,33,0,2000-09-04,St. Louis Rams -6.5,36,56,274
0.1428571429,0,172,13-26-174-1-0,137,33:11,Tennessee Titans,26:49,35,5,53,112,0.1875,17-31-152-0-1,1,40,6,20,16,129,12,nan,Buffalo Bills,4,266,37,33,0,2000-09-03,Buffalo Bills -1.0,13,91,119
0.6,2,379,14-34-152-1-1,149,22:10,New York Jets,37:50,16,1,118,75,0.3636363636,23-44-261-1-1,1,44,10,34,16,62,10,nan,Green Bay Packers,0,211,3,0,nan,2000-09-03,Green Bay Packers -2.5,20,81,261
0.0909090909,1,143,15-24-134-1-0,127,38:20,Seattle Seahawks,21:40,41,2,71,10,0.2307692308,10-24-84-0-4,6,36,6,19,23,181,2,nan,Miami Dolphins,4,308,7,12,0,2000-09-03,Miami Dolphins -2.0,0,36,72
0.4444444444,0,255,20-35-176-1-0,166,31:30,San Diego Chargers,28:30,25,4,76,35,0.1875,19-42-197-0-3,4,39.5,8,28,9,67,4,nan,Oakland Raiders,2,233,10,18,0,2000-09-03,Oakland Raiders -6.5,6,60,179
0.5833333333,2,425,13-31-135-1-2,100,20:30,Philadelphia Eagles,39:30,13,5,306,25,0.3076923077,16-29-130-1-3,3,39.5,9,46,14,67,4,nan,Dallas Cowboys,1,167,35,11,nan,2000-09-03,Dallas Cowboys -6.0,41,93,119
0.4,2,355,17-25-172-0-1,172,31:30,Arizona Cardinals,28:30,41,0,43,5,0.5,28-49-318-2-3,4,40,9,20,21,223,1,nan,New York Giants,1,395,0,6,0,2000-09-03,New York Giants -6.5,16,68,312
0.25,3,187,18-34-169-0-1,146,29:11,Detroit Lions,30:49,25,5,98,74,0.3529411765,13-25-100-0-1,2,40.5,12,32,10,106,8,0,New Orleans Saints,2,252,23,11,0,2000-09-03,Pick,14,89,89
0.2222222222,1,339,16-31-264-2-0,264,31:39,San Francisco 49ers,28:21,32,0,92,42,0.3636363636,23-36-253-3-1,1,46.5,4,24,36,95,7,nan,Atlanta Falcons,1,359,0,6,0,2000-09-03,Atlanta Falcons -6.5,28,51,247
0.3125,1,336,17-39-199-0-0,193,24:53,Baltimore Ravens,35:07,18,1,140,42,0.2857142857,18-32-199-1-0,0,37,2,36,0,30,6,0,Pittsburgh Steelers,1,223,6,3,1,2000-09-03,Baltimore Ravens -2.5,16,15,196
0.625,1,398,19-27-160-1-0,153,22:57,Jacksonville Jaguars,37:03,16,1,119,5,0.3,24-34-301-1-0,0,38.5,3,40,7,96,1,0.5,Cleveland Browns,4,249,7,22,nan,2000-09-03,Jacksonville Jaguars -10.5,27,25,279
0.375,1,296,26-39-216-1-0,190,28:25,Tampa Bay Buccaneers,31:35,21,6,140,25,0.2352941176,12-24-167-1-0,1,36,5,38,16,88,4,0.5,New England Patriots,1,278,26,11,nan,2000-09-03,Tampa Bay Buccaneers -3.0,21,33,156
0.1818181818,0,236,25-36-234-0-0,234,33:14,Carolina Panthers,26:46,31,0,112,65,0.4166666667,17-26-183-1-0,1,47.5,7,20,20,162,9,0,Washington Redskins,6,396,0,59,1,2000-09-03,Washington Redskins -10.5,17,64,124
0.6,1,425,13-23-190-0-1,188,27:26,Chicago Bears,32:34,30,1,153,45,0.4615384615,27-41-290-2-0,1,46.5,4,25,30,186,5,nan,Minnesota Vikings,2,374,2,18,nan,2000-09-03,Minnesota Vikings -4.5,27,20,272
0.4615384615,1,386,16-37-212-2-1,206,26:47,Indianapolis Colts,33:13,24,1,119,78,0.3333333333,22-32-273-1-1,2,44,6,32,14,74,7,0,Kansas City Chiefs,1,280,6,6,nan,2000-09-03,Indianapolis Colts -3.5,27,50,267
0.4166666667,0,256,22-33-212-1-0,210,35:30,Philadelphia Eagles,24:30,33,1,110,15,0.4666666667,18-30-171-1-1,2,51,6,22,29,161,2,0,St. Louis Rams,3,371,2,25,0.5,2002-01-27,St. Louis Rams -11.0,24,38,146
0.3529411765,4,259,24-42-255-0-3,248,29:05,New England Patriots,30:55,22,3,67,87,0.2857142857,22-39-217-1-0,0,35.5,3,25,17,58,12,nan,Pittsburgh Steelers,4,306,7,25,0,2002-01-27,Pittsburgh Steelers -10.0,24,25,192
0.4166666667,1,383,18-30-216-2-1,201,27:38,Green Bay Packers,32:22,22,2,118,20,0.25,26-44-281-2-6,8,54.5,4,22,45,91,3,0,St. Louis Rams,2,292,15,16,0,2002-01-20,St. Louis Rams -11.0,17,30,265
0.0833333333,1,150,12-22-154-1-1,143,40:45,Baltimore Ravens,19:15,49,2,22,65,0.4375,18-37-153-0-3,4,32,5,11,27,154,9,nan,Pittsburgh Steelers,3,297,11,25,1,2002-01-20,Pittsburgh Steelers -5.5,10,50,128
0.2666666667,1,230,32-52-312-0-1,297,40:05,Oakland Raiders,28:24,30,2,77,20,0.25,17-31-159-1-0,0,41.5,1,30,16,68,4,0.5,New England Patriots,1,365,15,6,nan,2002-01-19,New England Patriots -3.0,13,15,153
0.2666666667,4,336,11-22-89-0-3,73,23:53,Philadelphia Eagles,36:07,23,2,87,60,0.3571428571,26-40-262-2-1,1,32.5,1,31,19,111,6,nan,Chicago Bears,2,184,16,13,0.5,2002-01-19,Chicago Bears -3.0,33,5,249
0.625,3,347,15-28-122-0-1,105,22:06,Baltimore Ravens,37:54,15,3,226,35,0.2727272727,12-18-133-1-0,1,33,6,50,3,46,5,0,Miami Dolphins,1,151,17,12,nan,2002-01-13,Miami Dolphins -2.5,20,36,121
0.5,1,290,22-29-269-2-1,262,30:52,San Francisco 49ers,29:08,28,1,71,30,0.5833333333,22-32-233-1-1,2,39,3,21,25,106,3,nan,Green Bay Packers,2,368,7,14,nan,2002-01-13,Green Bay Packers -3.5,15,25,219
0.2727272727,0,410,23-29-294-2-0,287,31:20,New York Jets,28:40,31,1,145,0,0.5454545455,26-40-268-3-0,2,42,5,23,38,215,0,nan,Oakland Raiders,1,502,7,3,1,2002-01-12,Oakland Raiders -4.5,24,76,265
0.4166666667,1,258,16-25-194-2-1,186,30:23,Tampa Bay Buccaneers,29:37,29,3,63,28,0.3846153846,22-36-202-0-4,4,33,7,24,31,148,4,nan,Philadelphia Eagles,1,334,8,7,nan,2002-01-12,Philadelphia Eagles -3.5,9,59,195
0.2142857143,0,179,10-27-160-0-0,139,33:41,Minnesota Vikings,26:19,42,2,86,42,0.2941176471,14-30-115-0-2,4,37.5,2,21,19,212,4,0,Baltimore Ravens,5,351,21,22,1,2002-01-07,Baltimore Ravens -10.0,3,15,93
0.3333333333,2,296,22-32-194-0-1,165,32:42,Philadelphia Eagles,27:18,25,3,111,95,0.4,15-28-194-2-2,2,33,1,25,13,71,11,nan,Tampa Bay Buccaneers,1,236,29,9,nan,2002-01-06,Tampa Bay Buccaneers -3.0,17,10,185
0.1538461538,0,250,9-16-110-1-0,87,35:44,Buffalo Bills,24:16,43,3,39,36,0.3571428571,18-40-220-1-3,3,36.5,7,17,34,202,5,nan,Miami Dolphins,2,289,23,9,0.5,2002-01-06,Miami Dolphins -6.5,7,56,211
0.2857142857,2,308,22-39-248-2-2,239,32:41,Kansas City Chiefs,27:19,33,1,126,15,0.5,15-33-184-1-1,1,40,4,28,21,150,2,0,Seattle Seahawks,3,389,9,2,0.5,2002-01-06,Seattle Seahawks -3.5,18,30,182
0.4615384615,0,302,23-38-224-1-0,218,33:42,New York Jets,26:18,30,1,94,60,0.3125,18-29-230-1-2,3,41.5,5,22,22,119,7,0,Oakland Raiders,3,337,6,22,nan,2002-01-06,Oakland Raiders -4.5,24,35,208
0.3333333333,3,255,25-30-280-3-3,266,35:07,Atlanta Falcons,24:53,29,2,96,35,0.4444444444,12-30-176-0-1,3,48,1,21,31,192,6,1,St. Louis Rams,5,458,14,17,0,2002-01-06,St. Louis Rams -14.5,13,10,159
0.3636363636,3,413,36-59-386-1-2,378,33:09,Green Bay Packers,26:51,21,1,105,15,0.5,15-30-315-2-0,1,36.5,6,26,25,146,3,1,New York Giants,1,524,8,7,nan,2002-01-06,Green Bay Packers -3.0,34,64,308
0.3076923077,0,264,24-40-242-2-0,242,33:30,Dallas Cowboys,26:30,28,0,106,99,0.4666666667,11-26-158-0-1,1,36,1,27,15,124,9,nan,Detroit Lions,0,366,0,0,0,2002-01-06,Dallas Cowboys -3.0,10,5,158
0.3529411765,2,436,18-32-307-2-0,272,28:50,Cincinnati Bengals,31:10,23,3,100,90,0.4166666667,28-48-340-0-2,3,37.5,11,27,21,57,5,0,Tennessee Titans,1,329,35,4,0.5,2002-01-06,Tennessee Titans -5.5,23,95,336
0.4,6,298,15-36-144-0-3,129,26:39,New England Patriots,33:21,26,3,102,70,0.3076923077,17-29-198-1-2,3,36,4,36,6,193,6,0,Carolina Panthers,1,322,15,2,0.5,2002-01-06,New England Patriots -6.5,38,37,196
0.3636363636,1,237,19-29-159-1-0,153,35:13,Jacksonville Jaguars,24:47,40,1,91,14,0.375,19-36-189-2-3,3,33.5,3,16,33,169,3,0.5,Chicago Bears,4,322,6,43,nan,2002-01-06,Chicago Bears -6.0,13,14,146
0.1111111111,3,173,14-24-169-1-3,155,34:44,Cleveland Browns,25:16,36,2,68,70,0.5333333333,13-26-150-0-2,3,34.5,7,19,28,221,6,nan,Pittsburgh Steelers,4,376,14,45,0,2002-01-06,Pittsburgh Steelers -7.0,7,42,105
0,1,187,14-26-162-1-1,162,40:07,Arizona Cardinals,19:53,49,0,45,5,0.4705882353,11-25-154-0-1,1,36.5,3,17,20,178,1,0,Washington Redskins,2,340,0,12,0,2002-01-06,Washington Redskins -3.5,17,20,142
0.4166666667,1,219,16-30-191-2-1,184,32:38,Denver Broncos,27:22,35,1,115,15,0.4285714286,16-32-151-1-4,4,51,3,25,29,151,2,nan,Indianapolis Colts,5,335,7,47,nan,2002-01-06,Indianapolis Colts -2.0,10,20,104
0.3571428571,6,407,21-34-119-0-4,86,26:00,San Francisco 49ers,34:00,17,3,138,0,0.2727272727,16-23-284-4-0,1,46.5,3,41,0,40,0,0.6666666667,New Orleans Saints,2,126,33,15,0.5,2002-01-06,San Francisco 49ers -2.5,38,23,269
0.625,4,263,14-28-127-1-3,113,27:25,Washington Redskins,32:35,23,4,173,34,0.4615384615,9-15-94-0-1,1,39.5,8,44,10,100,4,0,New Orleans Saints,2,213,14,4,nan,2001-12-30,New Orleans Saints -5.0,40,75,90
0.0909090909,2,307,34-53-377-1-2,346,34:09,Seattle Seahawks,25:51,16,4,61,24,0.3125,14-23-267-3-0,0,39,10,25,22,52,4,nan,San Diego Chargers,3,398,31,21,nan,2001-12-30,San Diego Chargers -1.5,25,64,246
0.1666666667,0,334,19-26-142-1-0,125,29:30,Oakland Raiders,30:30,25,4,51,62,0.3333333333,35-49-313-2-2,3,41,2,16,23,106,8,nan,Denver Broncos,3,231,17,30,0.3333333333,2001-12-30,Denver Broncos -1.0,17,11,283
0.2307692308,2,420,21-39-270-3-1,241,29:40,New York Giants,30:20,23,4,129,73,0.3846153846,22-39-303-1-0,1,34.5,3,26,24,120,6,nan,Philadelphia Eagles,2,361,29,12,nan,2001-12-30,Philadelphia Eagles -5.0,21,25,291
0.3636363636,3,365,22-37-283-1-1,249,27:20,Kansas City Chiefs,32:40,26,4,92,55,0.2727272727,26-35-294-2-2,4,40,5,31,26,182,5,0,Jacksonville Jaguars,2,431,34,21,0,2001-12-30,Jacksonville Jaguars -4.5,30,44,273
0.5714285714,2,409,16-26-274-2-1,264,30:44,Cleveland Browns,29:16,35,1,87,25,0.5,20-27-336-3-1,1,37.5,6,29,38,188,3,0,Tennessee Titans,3,452,10,14,nan,2001-12-30,Tennessee Titans -5.0,41,50,322
0.2857142857,5,326,31-52-303-0-3,268,29:05,Chicago Bears,30:55,14,6,83,68,0.1538461538,17-30-252-2-0,0,38.5,5,30,0,64,7,0.3333333333,Detroit Lions,1,332,35,9,nan,2001-12-30,Chicago Bears -5.5,24,50,243
0.4375,3,368,19-37-227-0-2,227,25:30,Buffalo Bills,34:30,23,0,192,53,0.2727272727,16-27-185-1-0,1,37,3,40,9,148,9,1,New York Jets,1,375,0,9,0.3333333333,2001-12-30,New York Jets -7.0,14,25,176
0.4166666667,0,285,15-25-241-2-0,234,37:49,San Francisco 49ers,22:11,44,1,56,10,0.6470588235,21-36-229-2-0,1,39.5,5,18,27,186,2,nan,Dallas Cowboys,0,420,7,0,0.5,2001-12-30,San Francisco 49ers -6.5,21,27,229
0.3529411765,3,313,35-68-411-2-1,403,36:26,Pittsburgh Steelers,34:26,29,2,73,38,0.5,19-35-251-3-4,5,33.5,7,28,26,141,7,0,Cincinnati Bengals,2,544,8,11,0,2001-12-30,Pittsburgh Steelers -8.0,23,65,240
0.3571428571,2,331,36-63-223-1-1,223,34:12,Arizona Cardinals,25:48,20,0,158,30,0.3684210526,12-24-173-2-0,0,39.5,7,33,7,95,5,0.5714285714,Carolina Panthers,0,318,0,0,nan,2001-12-30,Carolina Panthers -1.0,30,81,173
0.4,1,261,23-30-359-3-1,359,32:02,Indianapolis Colts,27:58,29,2,83,38,0.8,15-28-195-0-1,1,58.5,4,22,42,124,4,nan,St. Louis Rams,2,483,0,17,nan,2001-12-30,St. Louis Rams -13.0,17,48,178
0.4285714286,3,388,16-29-191-2-1,176,23:08,Atlanta Falcons,36:52,20,3,152,37,0.25,18-31-265-1-3,4,38.5,5,37,21,50,5,nan,Miami Dolphins,4,226,15,29,0.3333333333,2001-12-30,Miami Dolphins -7.0,14,48,236
0.4444444444,1,302,18-29-169-0-0,157,27:51,Minnesota Vikings,32:09,20,2,199,43,0.1818181818,11-30-114-1-3,3,40,6,44,24,56,8,nan,Green Bay Packers,1,213,12,11,0,2001-12-30,Green Bay Packers -12.0,13,60,103
0.2352941176,0,257,13-29-90-0-0,90,29:23,Baltimore Ravens,30:37,31,0,90,65,0.1538461538,21-37-205-1-2,3,34,3,26,22,123,8,nan,Tampa Bay Buccaneers,5,213,0,38,0,2001-12-29,Tampa Bay Buccaneers -1.5,10,25,167
0.4375,2,451,26-36-267-2-0,260,25:06,New York Jets,34:54,18,2,166,15,0.3,28-48-285-2-2,2,47,2,31,28,133,2,0.5,Indianapolis Colts,0,393,7,0,1,2001-12-23,Indianapolis Colts -1.0,29,10,285
0.3846153846,1,337,18-28-139-3-0,139,32:23,Cleveland Browns,27:37,33,0,168,35,0.3333333333,22-33-203-1-3,5,37,1,26,30,222,3,nan,Green Bay Packers,4,361,0,34,0,2001-12-23,Green Bay Packers -7.5,7,5,169
0.25,0,343,17-31-144-0-0,134,22:46,Dallas Cowboys,37:14,20,1,174,65,0.2142857143,16-29-176-1-2,3,37,5,40,17,75,9,1,Arizona Cardinals,1,209,10,7,0,2001-12-23,Arizona Cardinals -3.5,10,27,169
0.5,2,398,28-40-431-2-2,422,35:48,Buffalo Bills,24:12,29,1,190,95,0.6428571429,17-31-208-1-0,0,41,5,21,33,67,12,nan,Atlanta Falcons,0,489,9,0,nan,2001-12-23,Atlanta Falcons -4.0,30,43,208
0.25,2,259,30-47-338-1-0,332,30:30,Seattle Seahawks,29:30,21,1,98,10,0.3571428571,15-26-185-1-1,2,34,6,30,27,88,2,nan,New York Giants,3,420,6,24,nan,2001-12-23,New York Giants -3.0,24,61,161
0.5,1,412,24-51-312-1-0,305,26:09,St. Louis Rams,33:51,21,1,215,33,0.2666666667,18-24-217-2-2,3,46.5,4,33,32,97,4,0,Carolina Panthers,3,402,7,20,nan,2001-12-23,St. Louis Rams -12.5,38,30,197
0.2142857143,1,281,16-30-181-0-0,148,30:11,Cincinnati Bengals,29:49,35,5,150,40,0.3125,16-39-153-0-3,4,33.5,3,30,16,157,6,nan,Baltimore Ravens,3,305,33,22,0.5,2001-12-23,Baltimore Ravens -10.5,0,40,131
0.3846153846,0,151,17-26-226-3-0,214,39:18,Detroit Lions,20:42,43,1,74,15,0.5714285714,12-28-118-2-1,3,36,6,18,47,215,2,1,Pittsburgh Steelers,6,429,12,41,0,2001-12-23,Pittsburgh Steelers -10.0,14,60,77
0.3333333333,0,271,16-31-207-3-0,207,36:13,New Orleans Saints,23:47,39,0,41,23,0.3846153846,21-38-248-3-4,4,38,5,13,48,157,3,1,Tampa Bay Buccaneers,3,364,0,18,nan,2001-12-23,Tampa Bay Buccaneers -2.5,21,40,230
0.2142857143,2,237,23-43-236-0-0,204,33:39,Chicago Bears,26:21,28,6,112,6,0.3333333333,14-27-125-1-0,1,33,6,32,15,89,1,0.3333333333,Washington Redskins,0,293,32,0,0.6666666667,2001-12-23,Washington Redskins -1.0,20,38,125
0.3636363636,2,329,19-28-203-1-2,203,31:35,San Diego Chargers,28:25,32,1,165,47,0.6153846154,15-27-175-2-0,0,40,2,29,20,120,7,nan,Kansas City Chiefs,2,323,0,11,nan,2001-12-23,Kansas City Chiefs -3.5,17,10,164
0.6428571429,2,423,24-42-218-0-1,186,25:52,Jacksonville Jaguars,34:08,14,4,214,34,0.2857142857,17-24-217-1-0,0,45.5,3,37,3,28,3,1,Minnesota Vikings,1,214,32,8,nan,2001-12-23,Minnesota Vikings -2.5,33,33,209
0.5,1,262,29-50-249-1-1,234,30:24,Tennessee Titans,29:36,21,2,103,54,0.4,15-27-178-1-2,2,45.5,4,33,10,77,7,1,Oakland Raiders,3,311,15,19,nan,2001-12-22,Oakland Raiders -6.0,13,66,159
0.2142857143,0,292,14-24-136-1-0,127,31:20,Philadelphia Eagles,28:40,30,2,79,109,0.3333333333,23-34-232-0-1,1,40,3,22,13,117,11,nan,San Francisco 49ers,3,244,9,19,0,2001-12-22,San Francisco 49ers -3.0,3,15,213
0.2727272727,0,368,12-20-131-1-0,117,36:45,Miami Dolphins,23:15,44,3,58,67,0.3571428571,21-37-320-1-0,3,37,7,19,20,196,9,0,New England Patriots,2,313,14,10,0.3333333333,2001-12-22,New England Patriots -3.0,13,75,310
0.5,2,365,23-40-269-3-2,242,28:28,St. Louis Rams,31:32,19,5,56,85,0.3846153846,23-32-338-4-0,2,51,16,25,21,68,11,0,New Orleans Saints,4,310,27,29,nan,2001-12-17,St. Louis Rams -6.0,34,132,309
0.6,1,476,20-38-159-2-1,149,18:55,Pittsburgh Steelers,41:05,13,2,158,70,0.4285714286,20-31-333-2-0,0,33.5,3,39,21,58,7,nan,Baltimore Ravens,3,207,10,15,0,2001-12-16,Baltimore Ravens -3.0,26,35,318
0.375,0,218,13-26-152-0-0,139,34:42,Dallas Cowboys,25:18,44,1,102,70,0.2307692308,14-33-135-0-1,1,36.5,0,21,29,173,6,0.5,Seattle Seahawks,4,312,13,19,0,2001-12-16,Seattle Seahawks -5.5,3,0,116
0.2142857143,3,287,17-36-213-0-2,205,33:48,Philadelphia Eagles,26:12,29,2,63,45,0.2142857143,16-34-235-2-3,4,34.5,7,23,6,157,6,0,Washington Redskins,2,362,8,11,1,2001-12-16,Philadelphia Eagles -2.5,20,58,224
0.3846153846,2,223,25-36-283-2-0,256,37:23,Green Bay Packers,22:37,34,4,31,30,0.5294117647,20-38-199-2-1,2,42.5,3,15,26,167,4,0,Tennessee Titans,2,423,27,7,nan,2001-12-16,Green Bay Packers -2.5,20,24,192
0.3333333333,0,174,14-20-133-1-0,133,39:12,Miami Dolphins,20:48,50,0,67,27,0.5,16-28-149-0-3,4,43,2,15,21,152,4,0.5,San Francisco 49ers,6,285,0,42,nan,2001-12-16,San Francisco 49ers -3.5,0,10,107
0.4444444444,2,282,21-30-184-0-1,173,22:47,Jacksonville Jaguars,37:13,15,3,128,85,0.2727272727,20-35-202-1-2,3,36.5,5,33,10,47,9,0,Cleveland Browns,8,220,11,48,1,2001-12-16,Cleveland Browns -2.0,15,72,154
0.4666666667,1,314,15-28-241-0-0,202,33:29,Minnesota Vikings,26:31,35,6,80,40,0.4705882353,18-38-243-2-2,2,46.5,13,17,27,167,6,nan,Detroit Lions,2,369,39,9,0,2001-12-16,Minnesota Vikings -3.0,24,123,234
0.1428571429,1,238,14-29-190-2-1,172,36:01,Tampa Bay Buccaneers,23:59,40,3,61,36,0.3125,18-40-191-0-2,4,33,2,18,27,207,5,0,Chicago Bears,1,379,18,14,0,2001-12-16,Chicago Bears -2.5,3,15,177
0.4117647059,1,335,22-44-219-0-1,212,32:57,New England Patriots,32:48,28,1,129,60,0.2,19-35-237-0-1,2,38,4,27,9,98,7,nan,Buffalo Bills,5,310,7,31,nan,2001-12-16,New England Patriots -4.0,12,30,206
0.6153846154,0,248,17-28-196-2-0,196,30:26,Cincinnati Bengals,29:34,29,0,120,65,0.5714285714,14-23-128-0-3,3,35,7,33,15,113,6,nan,New York Jets,0,309,0,0,1,2001-12-16,New York Jets -8.5,14,55,128
0.4375,3,335,17-21-292-1-1,259,31:48,Denver Broncos,37:16,33,5,94,146,0.4444444444,23-34-254-1-0,1,37.5,9,34,26,137,8,nan,Kansas City Chiefs,2,396,33,13,nan,2001-12-16,Denver Broncos -2.5,23,68,241
0.4,1,316,23-35-325-3-1,325,31:10,Atlanta Falcons,28:50,33,0,66,83,0.5,24-40-291-2-0,1,46.5,5,19,41,187,7,nan,Indianapolis Colts,6,512,0,41,0.3333333333,2001-12-16,Indianapolis Colts -4.0,27,63,250
0.4545454545,3,299,19-37-215-0-3,206,29:43,Oakland Raiders,30:17,22,4,91,35,0.3571428571,20-28-221-1-1,3,46.5,5,27,6,68,5,0.5,San Diego Chargers,2,274,9,13,nan,2001-12-15,Oakland Raiders -4.0,13,25,208
0.1764705882,0,285,14-32-147-2-0,139,23:05,Arizona Cardinals,36:55,25,1,88,40,0.3076923077,27-45-207-1-0,1,37.5,2,30,17,105,5,0,New York Giants,3,244,8,10,0.6,2001-12-15,New York Giants -5.0,13,10,197
0.25,0,254,18-26-191-3-0,183,35:08,Indianapolis Colts,24:52,38,1,84,25,0.6428571429,19-32-173-0-3,4,45,4,18,41,183,2,1,Miami Dolphins,1,366,8,3,nan,2001-12-10,Miami Dolphins -5.0,6,40,170
0.3571428571,2,277,21-37-158-2-1,144,31:18,Seattle Seahawks,28:42,28,2,70,62,0.5,17-37-243-1-2,2,41,6,21,20,165,5,1,Denver Broncos,5,309,14,36,0.3333333333,2001-12-09,Denver Broncos -6.0,7,45,207
0.3,0,220,20-36-214-0-0,211,36:53,New York Jets,23:07,39,1,61,30,0.6111111111,16-27-159-1-0,0,34.5,4,19,18,134,3,nan,Pittsburgh Steelers,0,345,3,0,0,2001-12-09,Pittsburgh Steelers -3.5,7,40,159
0.1666666667,5,447,18-24-195-1-1,185,27:00,Kansas City Chiefs,33:00,26,2,204,50,0.2,15-32-253-2-1,1,44.5,5,36,28,79,6,nan,Oakland Raiders,3,264,10,10,0,2001-12-09,Oakland Raiders -9.0,26,34,243
0.4166666667,1,331,20-34-253-1-1,246,26:16,Washington Redskins,33:44,22,1,130,99,0.2,19-26-210-1-0,0,38.5,8,35,10,80,13,0,Arizona Cardinals,1,326,7,9,nan,2001-12-09,Arizona Cardinals -2.0,20,49,201
0.5,2,379,18-32-233-0-1,180,33:21,New Orleans Saints,26:39,21,9,114,67,0.1818181818,21-31-291-2-0,2,39,10,21,10,50,10,0,Atlanta Falcons,3,230,53,26,nan,2001-12-09,New Orleans Saints -3.0,28,83,265
0.3157894737,1,393,22-45-221-2-1,210,29:28,San Diego Chargers,30:32,24,2,96,67,0.3157894737,20-44-307-2-2,4,37.5,4,27,24,63,7,1,Philadelphia Eagles,2,273,11,10,nan,2001-12-09,Philadelphia Eagles -7.0,14,30,297
0.4285714286,2,277,19-28-218-0-2,209,32:20,Cleveland Browns,27:40,33,3,50,21,0.2857142857,20-39-244-0-3,4,36.5,5,19,27,81,2,0.5,New England Patriots,3,290,9,17,nan,2001-12-09,New England Patriots -5.0,16,31,227
0.1666666667,1,189,15-27-207-1-1,185,36:20,Chicago Bears,23:40,36,2,50,15,0.375,18-33-139-0-1,1,37.5,4,19,17,167,2,nan,Green Bay Packers,0,352,22,0,0.3333333333,2001-12-09,Green Bay Packers -5.5,7,39,139
0.2222222222,1,231,20-29-277-1-1,267,34:45,Carolina Panthers,25:15,35,2,78,40,0.4,15-30-153-1-1,2,36.5,9,27,25,102,5,nan,Buffalo Bills,0,369,10,0,0,2001-12-09,Buffalo Bills -3.5,24,125,153
0.1666666667,0,245,17-26-194-1-0,185,34:57,New York Giants,25:03,36,2,125,15,0.375,13-26-122-1-1,2,35.5,6,24,20,104,2,0,Dallas Cowboys,1,289,9,2,0,2001-12-09,New York Giants -3.5,13,45,120
0.5,1,255,16-30-147-0-1,140,28:54,Jacksonville Jaguars,31:06,27,1,62,40,0.2307692308,23-32-242-2-1,1,36.5,7,25,10,60,7,0.3333333333,Cincinnati Bengals,8,200,7,49,nan,2001-12-09,Cincinnati Bengals -1.0,14,54,193
0.3571428571,2,220,26-42-294-2-1,270,35:31,San Francisco 49ers,24:29,30,4,76,30,0.4117647059,13-36-146-0-2,2,55,7,23,27,115,5,1,St. Louis Rams,1,385,24,2,0.5,2001-12-09,St. Louis Rams -7.0,14,48,144
0.3076923077,2,253,31-54-305-1-2,275,32:53,Detroit Lions,27:07,22,4,102,28,0.5,11-25-165-0-0,1,36.5,4,24,15,81,4,1,Tampa Bay Buccaneers,3,356,30,14,nan,2001-12-09,Tampa Bay Buccaneers -8.0,12,59,151
0.5714285714,1,453,21-31-348-4-1,348,27:20,Tennessee Titans,32:40,25,0,182,20,0.5,25-36-302-2-0,2,42.5,5,29,42,148,3,nan,Minnesota Vikings,4,496,0,31,0.5,2001-12-09,Tennessee Titans -2.5,24,35,271
0.2307692308,4,389,26-45-311-1-2,286,30:53,Green Bay Packers,29:07,23,5,37,81,0.3333333333,24-42-362-3-0,1,43,13,21,21,62,9,0,Jacksonville Jaguars,1,348,25,10,nan,2001-12-03,Green Bay Packers -3.0,28,111,352
0.1666666667,0,191,19-27-189-2-0,179,39:48,Buffalo Bills,20:12,43,2,29,47,0.6666666667,21-38-168-0-4,5,44.5,1,11,35,230,7,0,San Francisco 49ers,2,409,10,6,0.5,2001-12-02,San Francisco 49ers -8.5,0,10,162
0.5714285714,2,422,21-37-217-0-1,192,35:24,St. Louis Rams,24:36,30,4,89,107,0.4705882353,17-23-342-4-0,0,47,7,20,6,128,12,0.5,Atlanta Falcons,2,320,25,9,nan,2001-12-02,St. Louis Rams -8.0,35,61,333
0.25,3,390,29-45-302-3-2,301,34:03,Arizona Cardinals,33:26,32,1,145,30,0.3571428571,22-38-249-1-0,1,44,8,34,31,135,4,1,Oakland Raiders,1,436,1,4,nan,2001-12-02,Oakland Raiders -13.0,34,76,245
0.4285714286,1,337,17-32-216-1-1,196,25:33,Dallas Cowboys,34:27,22,3,215,45,0.25,7-14-130-1-1,1,35.5,5,45,14,81,7,1,Washington Redskins,2,277,20,8,nan,2001-12-02,Washington Redskins -8.5,20,36,122
0.3333333333,0,292,19-35-202-0-0,192,36:59,San Diego Chargers,29:24,36,2,107,46,0.45,19-33-195-0-2,3,43,3,27,13,117,7,1,Seattle Seahawks,1,309,10,10,nan,2001-12-02,Seattle Seahawks -3.0,10,24,185
0.25,2,150,26-40-330-3-1,307,37:18,Carolina Panthers,22:42,34,3,49,21,0.5263157895,11-21-161-0-1,1,41,10,19,27,125,3,1,New Orleans Saints,8,432,23,60,nan,2001-12-02,New Orleans Saints -10.0,23,85,101
0.4375,1,295,17-34-124-0-1,124,30:30,Detroit Lions,29:30,34,0,67,79,0.2857142857,22-37-256-0-0,1,38,5,23,13,108,10,0.5,Chicago Bears,5,232,0,28,nan,2001-12-02,Chicago Bears -7.0,10,56,228
0.4166666667,2,264,18-32-172-1-2,157,32:57,New England Patriots,27:03,28,3,73,28,0.4666666667,20-28-213-0-0,0,38,2,23,16,131,4,0,New York Jets,3,288,15,22,nan,2001-12-02,New York Jets -3.0,17,5,191
0.4285714286,1,273,18-28-176-1-0,176,25:16,Denver Broncos,34:44,22,0,147,39,0.3333333333,18-33-135-1-1,2,39.5,7,32,21,42,5,nan,Miami Dolphins,1,218,0,9,0,2001-12-02,Miami Dolphins -3.0,10,70,126
0.3125,4,314,23-39-268-2-1,268,30:39,Indianapolis Colts,29:21,31,0,51,83,0.4,27-48-310-2-1,4,43,5,17,39,130,6,nan,Baltimore Ravens,3,398,0,47,nan,2001-12-02,Baltimore Ravens -7.0,27,30,263
0.3571428571,2,264,19-38-144-1-1,115,25:26,Tampa Bay Buccaneers,39:40,24,3,65,52,0.375,26-33-231-0-0,1,35,8,30,13,86,7,1,Cincinnati Bengals,6,201,29,32,0,2001-12-02,Tampa Bay Buccaneers -5.0,16,47,199
0.3333333333,3,383,24-38-224-2-1,217,26:33,Tennessee Titans,33:27,17,2,111,72,0.1666666667,13-19-272-3-0,0,35.5,7,39,15,65,9,0.5,Cleveland Browns,0,282,7,0,0,2001-12-02,Cleveland Browns -1.5,31,52,272
0.4166666667,2,385,13-19-157-0-1,157,37:49,Minnesota Vikings,22:11,46,0,45,36,0.5333333333,23-32-340-2-2,3,41,3,16,21,207,5,1,Pittsburgh Steelers,0,364,0,0,0,2001-12-02,Pittsburgh Steelers -7.0,16,30,340
0.3333333333,3,378,21-35-213-1-1,208,25:00,Philadelphia Eagles,35:00,20,2,127,35,0.3636363636,18-26-269-2-1,1,37,3,36,10,83,5,0,Kansas City Chiefs,2,291,5,18,nan,2001-11-29,Philadelphia Eagles -3.0,23,43,251
0.4375,6,264,19-39-291-1-2,269,24:58,Tampa Bay Buccaneers,35:02,19,3,91,36,0.3333333333,21-34-185-0-1,1,46,5,31,17,76,5,0.3333333333,St. Louis Rams,2,345,22,12,1,2001-11-26,St. Louis Rams -9.5,24,41,173
0.2307692308,1,235,26-46-209-0-1,192,34:13,Chicago Bears,25:47,23,3,142,15,0.4210526316,10-21-97-0-0,1,45,11,30,6,124,2,nan,Minnesota Vikings,1,316,17,4,nan,2001-11-25,Minnesota Vikings -3.0,13,75,93
0.4545454545,0,339,19-38-184-0-0,160,31:03,Oakland Raiders,28:57,27,3,119,30,0.4,13-20-221-3-0,0,39,5,32,10,153,4,0,New York Giants,1,313,24,1,0,2001-11-25,Oakland Raiders -2.5,28,40,220
0.5333333333,0,361,23-38-259-1-0,230,26:26,Baltimore Ravens,33:34,19,4,115,39,0.3333333333,21-30-259-1-1,2,34,9,42,21,75,6,nan,Jacksonville Jaguars,2,305,29,13,nan,2001-11-25,Baltimore Ravens -3.0,24,58,246
0.4285714286,0,428,19-26-258-4-0,241,35:47,New Orleans Saints,24:13,38,4,121,86,0.6153846154,16-39-307-1-2,2,42,6,22,34,191,5,nan,New England Patriots,1,432,17,0,0,2001-11-25,Pick,17,64,307
0.4166666667,1,298,33-44-308-2-0,308,34:09,Arizona Cardinals,25:51,23,0,71,26,0.5714285714,19-31-241-1-2,2,44,6,24,17,84,3,nan,San Diego Chargers,3,392,0,14,1,2001-11-25,San Diego Chargers -7.0,20,55,227
0.5,2,377,23-37-334-2-2,324,29:25,Pittsburgh Steelers,30:35,21,2,130,62,0.4,19-32-254-2-0,0,34.5,6,31,24,81,6,0,Tennessee Titans,1,405,10,7,nan,2001-11-25,Tennessee Titans -2.0,34,45,247
0.4117647059,0,240,15-27-92-0-0,92,22:11,Washington Redskins,37:49,22,0,155,41,0.2307692308,12-18-96-0-0,0,37.5,7,45,3,94,5,0,Philadelphia Eagles,2,186,0,11,nan,2001-11-25,Philadelphia Eagles -8.0,13,52,85
0.2142857143,3,191,16-27-189-1-2,171,35:15,Cincinnati Bengals,24:45,39,3,84,26,0.2941176471,13-33-125-0-5,7,35.5,2,24,18,78,5,1,Cleveland Browns,3,249,18,18,0,2001-11-25,Cleveland Browns -6.0,0,25,107
0.4117647059,2,239,17-31-171-0-2,151,27:26,Atlanta Falcons,32:34,28,4,145,30,0.375,14-27-132-0-0,0,40,6,33,7,96,4,0,Carolina Panthers,4,247,20,38,nan,2001-11-25,Atlanta Falcons -3.0,10,30,94
0.3333333333,3,362,21-34-309-3-1,295,28:15,Miami Dolphins,31:45,26,4,101,62,0.4285714286,19-32-277-3-0,1,36,10,30,27,127,8,1,Buffalo Bills,2,422,14,16,1,2001-11-25,Miami Dolphins -5.0,34,71,261
0.2222222222,5,340,31-51-370-1-4,364,38:50,San Francisco 49ers,21:10,32,1,171,58,0.3076923077,14-22-179-2-1,1,52.5,7,23,21,127,8,0.5,Indianapolis Colts,3,491,6,10,nan,2001-11-25,Indianapolis Colts -2.5,40,80,169
0.3333333333,0,204,16-26-256-0-0,245,35:27,Seattle Seahawks,24:33,44,3,65,35,0.3636363636,16-26-162-1-0,0,41,3,17,19,188,4,1,Kansas City Chiefs,3,433,11,23,nan,2001-11-25,Kansas City Chiefs -1.5,7,20,139
0.2857142857,2,279,17-33-192-0-0,164,23:26,Denver Broncos,36:34,16,4,119,65,0.1,17-29-171-1-1,1,40.5,5,39,24,27,6,nan,Dallas Cowboys,1,191,28,11,nan,2001-11-22,Denver Broncos -7.0,26,34,160
0.1428571429,2,339,17-39-207-1-1,193,30:11,Green Bay Packers,29:49,25,3,104,63,0.25,18-26-252-2-0,2,47,11,27,27,167,8,1,Detroit Lions,2,360,14,17,nan,2001-11-22,Green Bay Packers -7.0,29,117,235
0.2,3,358,26-38-277-4-2,263,35:00,New York Giants,25:00,28,3,61,150,0.5384615385,21-37-321-0-2,2,44,9,15,28,96,15,1,Minnesota Vikings,4,359,14,24,1,2001-11-19,Minnesota Vikings -2.0,16,75,297
0.5714285714,3,482,19-27-185-1-2,179,26:06,St. Louis Rams,33:54,20,2,86,36,0.4166666667,30-42-401-3-2,3,46.5,3,28,17,51,5,1,New England Patriots,1,230,6,5,nan,2001-11-18,St. Louis Rams -8.5,24,15,396
0.3333333333,2,245,11-31-114-1-0,98,26:40,Washington Redskins,33:20,27,3,118,54,0.3125,16-31-150-2-0,3,43,7,32,10,88,7,0,Denver Broncos,3,186,16,23,nan,2001-11-18,Denver Broncos -8.5,17,57,127
0.2142857143,4,274,41-57-404-0-2,395,30:43,Chicago Bears,29:17,15,2,68,75,0.3571428571,14-25-228-3-1,1,35,3,29,24,19,7,0.5,Tampa Bay Buccaneers,3,414,9,22,0,2001-11-18,Tampa Bay Buccaneers -5.0,27,39,206
0.4666666667,1,478,21-33-334-4-1,328,27:31,Detroit Lions,32:29,26,2,49,69,0.4,36-62-436-3-3,3,39.5,5,22,45,89,6,nan,Arizona Cardinals,1,417,6,7,0.6666666667,2001-11-18,Arizona Cardinals -2.0,38,59,429
0.3125,1,250,25-38-311-4-1,293,32:29,San Diego Chargers,27:31,28,4,152,47,0.5,12-27-98-0-1,2,45,2,29,34,88,5,1,Oakland Raiders,0,381,18,0,nan,2001-11-18,Oakland Raiders -9.0,24,25,98
0.2727272727,0,234,21-33-266-1-0,257,34:51,Jacksonville Jaguars,25:09,34,2,48,35,0.4,17-31-225-0-0,3,36,9,16,20,145,7,nan,Pittsburgh Steelers,5,402,9,39,nan,2001-11-18,Pittsburgh Steelers -5.5,7,65,186
0.4117647059,4,227,11-26-102-0-2,81,26:20,Philadelphia Eagles,33:40,23,3,98,22,0.25,16-32-129-1-1,1,37,10,35,3,132,3,1,Dallas Cowboys,0,213,21,0,1,2001-11-18,Philadelphia Eagles -7.0,36,81,129
0.5,0,417,22-41-177-2-0,177,25:21,San Francisco 49ers,39:20,16,0,121,70,0.2307692308,34-54-305-3-2,3,43,8,26,22,103,10,nan,Carolina Panthers,3,280,0,9,1,2001-11-18,San Francisco 49ers -7.0,25,60,296
0.5,0,339,19-22-249-2-0,221,32:50,Indianapolis Colts,27:10,37,4,77,77,0.3333333333,18-28-262-1-1,1,47.5,6,23,34,157,6,0,New Orleans Saints,0,378,28,0,nan,2001-11-18,New Orleans Saints -5.5,20,51,262
0.3636363636,2,246,28-42-316-2-0,303,30:13,Seattle Seahawks,29:47,22,2,112,57,0.3,16-23-134-1-0,0,39,4,32,20,69,7,1,Buffalo Bills,0,372,13,0,nan,2001-11-18,Seattle Seahawks -3.5,23,23,134
0.5,3,293,23-41-234-1-2,224,27:33,Tennessee Titans,32:27,21,1,129,93,0.2307692308,16-25-172-1-1,2,39.5,8,31,7,40,11,0,Cincinnati Bengals,1,264,10,8,nan,2001-11-18,Cincinnati Bengals -1.5,20,70,164
0.2307692308,5,162,24-36-188-0-3,176,34:30,New York Jets,25:30,30,3,86,10,0.3571428571,10-21-76-1-0,0,37.5,4,28,0,78,1,0.5,Miami Dolphins,0,254,12,0,nan,2001-11-18,Miami Dolphins -5.5,24,21,76
0.3571428571,4,417,16-29-262-2-3,243,23:35,Atlanta Falcons,36:25,19,2,82,70,0.4545454545,29-50-352-2-2,2,39.5,3,25,20,70,9,nan,Green Bay Packers,3,313,19,17,0,2001-11-18,Green Bay Packers -10.0,23,25,335
0.3571428571,5,232,23-44-261-2-4,242,29:15,Cleveland Browns,30:45,27,2,95,50,0.4,19-30-144-0-3,3,33,7,30,17,108,7,0,Baltimore Ravens,1,350,19,7,1,2001-11-18,Baltimore Ravens -8.0,27,47,137
0.2307692308,2,238,27-49-256-1-1,228,35:27,Baltimore Ravens,24:33,28,6,77,60,0.5,16-28-181-1-1,2,35,7,24,10,90,6,0,Tennessee Titans,3,318,28,20,0,2001-11-12,Baltimore Ravens -1.5,16,72,161
0.3,0,338,15-23-181-1-0,178,34:31,Oakland Raiders,25:29,42,1,88,25,0.5,24-38-257-2-0,1,43.5,3,18,34,319,5,nan,Seattle Seahawks,2,497,3,7,1,2001-11-11,Oakland Raiders -6.0,27,20,250
0.3571428571,3,334,13-26-172-1-1,135,26:11,New York Giants,33:49,25,2,186,36,0.25,15-24-155-1-1,1,37.5,4,41,10,78,4,0.5,Arizona Cardinals,2,213,37,7,0.5,2001-11-11,New York Giants -5.5,17,24,148
0.3636363636,0,488,21-34-252-4-0,251,28:46,New Orleans Saints,31:14,26,1,152,65,0.4166666667,22-37-347-2-0,1,45,5,32,28,164,8,nan,San Francisco 49ers,1,415,1,11,0,2001-11-11,San Francisco 49ers -3.0,27,55,336
0.3571428571,1,301,19-29-223-3-0,215,31:43,Minnesota Vikings,28:17,35,1,56,51,0.5,21-35-285-2-1,4,41,2,21,48,272,7,nan,Philadelphia Eagles,6,487,8,40,0.6666666667,2001-11-11,Philadelphia Eagles -4.5,17,8,245
0.25,1,243,21-31-224-2-0,221,39:54,San Diego Chargers,20:06,42,3,96,16,0.3529411765,12-31-165-1-4,5,45,4,17,26,117,3,0,Denver Broncos,1,338,3,18,nan,2001-11-11,Denver Broncos -5.5,16,20,147
0.4166666667,1,303,7-16-55-2-0,46,26:54,Dallas Cowboys,33:06,33,3,207,41,0.1818181818,14-22-114-1-1,2,37,2,33,20,155,4,nan,Atlanta Falcons,3,201,9,18,0,2001-11-11,Atlanta Falcons -6.0,13,10,96
0.4736842105,0,352,20-32-189-2-0,164,28:08,Cincinnati Bengals,31:52,25,3,73,107,0.2727272727,28-48-303-0-1,1,39.5,6,23,30,97,10,nan,Jacksonville Jaguars,4,261,25,24,0,2001-11-11,Jacksonville Jaguars -4.0,13,32,279
0.4375,0,428,18-33-160-1-0,113,29:23,Pittsburgh Steelers,35:59,23,7,247,30,0.375,18-32-188-0-0,1,33,5,41,12,74,2,nan,Cleveland Browns,2,187,47,7,nan,2001-11-11,Pittsburgh Steelers -3.0,15,45,181
0.3571428571,3,274,21-40-239-1-2,218,30:19,Tampa Bay Buccaneers,29:41,23,5,99,44,0.3125,20-37-188-1-0,1,40,4,25,17,52,5,1,Detroit Lions,2,270,21,13,0,2001-11-11,Tampa Bay Buccaneers -5.0,20,30,175
0.3846153846,2,224,18-28-179-0-1,179,33:08,Kansas City Chiefs,26:52,37,0,100,25,0.3333333333,16-31-143-1-3,4,40.5,0,26,27,174,3,1,New York Jets,3,353,0,19,0,2001-11-11,New York Jets -4.5,7,0,124
0.0909090909,4,146,16-22-156-1-3,156,37:04,Carolina Panthers,22:56,41,0,31,38,0.5,15-25-126-1-2,3,47,7,19,48,337,4,1,St. Louis Rams,1,493,0,11,0,2001-11-11,St. Louis Rams -18.0,14,48,115
0.1666666667,3,242,15-21-107-1-1,71,33:02,Buffalo Bills,26:58,31,7,69,75,0.4285714286,16-33-204-1-2,2,40,7,21,21,134,9,nan,New England Patriots,5,205,36,31,0.3333333333,2001-11-11,New England Patriots -6.0,11,75,173
0.3636363636,1,368,29-48-219-0-0,215,31:57,Green Bay Packers,28:03,24,1,100,50,0.4736842105,19-32-268-2-1,2,37.5,1,23,12,47,7,0.5,Chicago Bears,1,262,4,0,nan,2001-11-11,Green Bay Packers -2.5,20,15,268
0.3571428571,3,375,20-33-253-3-2,224,31:00,Miami Dolphins,29:00,25,3,134,65,0.3333333333,17-30-259-2-2,3,44,5,28,24,65,9,0,Indianapolis Colts,1,289,29,18,1,2001-11-11,Indianapolis Colts -3.0,27,25,241
0.3636363636,1,366,25-34-242-3-0,242,31:03,Denver Broncos,28:57,30,0,119,71,0.4444444444,26-38-271-3-2,2,45.5,11,23,38,114,7,1,Oakland Raiders,4,356,0,24,0.5,2001-11-05,Oakland Raiders -5.5,28,93,247
